platform,kategori_utama,sub_kategori,judul_listing,harga,durasi_hari,jumlah_bid,skills,url_listing,budget_raw,accepted_budget_raw,durasi_raw,deskripsi,tipe
projects.co.id,Web dan Pemrograman,Website Development,Pembuatan Simple Website,650000,7,49.0,"Web Research, Web Programming, Website, Web Design, Website Building, Website Templates, Laravel Framework, Web Scrapping",https://projects.co.id/public/browse_projects/view/49391d/pembuatan-simple-website,"Rp 300,000 - 1,000,000",,7 hari,Pekerjaan      Pembuatan Simple Website (Script sudah di sediakan bukan coding atau mulai dari 0)  Integrasi : Payment Gateway + Notifikasi Email & Whatsapp       Catatan     Contoh tampilan script template html sudah ada tinggal di slicing ke laravel & php versi terbaru + integrasi sistem         Wajib      Website aman dan optimal : Tidak ada error / bug  Support (Bertanggung jawab)       Silahk,active
projects.co.id,Web dan Pemrograman,Website Development,Bikin excel buat nota ada tanggal dan no urut,125000,2,17.0,Microsoft Excel,https://projects.co.id/public/browse_projects/view/b5391d/bikin-excel-buat-nota-ada-tanggal-dan-no-urut,"Rp 100,001 - 150,000",,2 hari,halo semua freelancer saya ada project buat bikin excel sederhana untuk nota toko syarat nya harus bisa otomatis ada tanggal hari itu  tapi tidak perlu jam hanya tanggal dan juga no urut 4 digit misal 0001 awal nya ukurannya A4 di bagi 2 yg atas tidak perlu ada tulisan copy yg bawah nya baru ada tulisan copy maksudnya itu copy an yg atas nya Microsoft Excel,active
projects.co.id,Web dan Pemrograman,Website Development,"[WP] Develop Web Komunitas, Events & Membership",1150000,7,9.0,"Wordpress, Website Building, Website Templates, Wordpress Templates, CSS",https://projects.co.id/public/browse_projects/view/b2391d/wp-develop-web-komunitas-events-amp-membership,"Rp 800,000 - 1,500,000",,7 hari,"Kami perlu dibantu slicing dari desain di figma, didevelop ke wp.  Base WP sudah disiapkan. Tinggal didevelop & setup plugin-plugin yg dibutuhkan. Juga disetup untuk interaction & transisinya agar sesuai desain.  Page statis ada beberapa, lebih banyak pekerjaan di setup & styling page-page untuk event & member. Sudah diinstal plugin Elementor, The Events Calendar free & Ultimate Member free. Tema ",active
projects.co.id,Web dan Pemrograman,Website Development,Pengajaran Membuat Video Konten Menggunakan AI,325000,7,28.0,"Social Media Marketing (SMM), Video Editing, Video Production, Video Animation, Social Media",https://projects.co.id/public/browse_projects/view/ff371d/pengajaran-membuat-video-konten-menggunakan-ai,"Rp 150,000 - 500,000",,7 hari,Pekerjaan     Pengajaran Membuat Video Konten Menggunakan AI  (Boleh By : Ebook/Video/Zoom)   Boleh menggunakan AI Berbayar atau FREE  (Direkomendasikan Free)   Boleh disediakan promptnya agar hasil lebih maksimal dan free konsultasi      Silahkan kirimkan sample video yg telah jadi  (Jika ada hasil karya video FYP = Nilai Plus)      Pekerjaan dinyatakan selesai jika : Saya sudah berhasil diajarka,active
projects.co.id,Web dan Pemrograman,Website Development,Tambahkan halaman produk Indonesia untuk situs web Shopify,650000,7,11.0,"Website, Web Design, Website Building",https://projects.co.id/public/browse_projects/view/af391d/tambahkan-halaman-produk-indonesia-untuk-situs-web-shopify,"Rp 500,000 - 800,000",,7 hari,"Tambahkan halaman produk Indonesia untuk situs web Shopify Anda, termasuk penargetan ulang Harga dalam Rupiah. WebsiteWeb DesignWebsite Building",active
projects.co.id,Web dan Pemrograman,Website Development,DIBELI akun Google developer Console (GODEV) Tahun 2023 kebawah.,10500000,7,1.0,"Accounting, 3D Animation, 3D Architecture, 3D Modelling, 3ds Max, .NET/Mono, 3D Rendering, 3D Render Artlantis, 3D Printing, AAA Logo",https://projects.co.id/public/browse_projects/view/6b381d/dibeli-akun-google-developer-console-godev-tahun-2023-kebawah,"Rp 3,000,000 - 18,000,000",,7 hari,Dicari Akun Google Play Console Developer GODEV Bekas yang sudah tidak terurus berisi app aktif maupun tidak aktif.      Kebutuhan 1xx Account Google Developer  Max tahun November 2023 ( makin tua makin baik )    Berisi app minimal 1 yang live   Jika ada suspend app masih bisa ditawarkan(harga tidak bisa tinggi)  Tidak ada history Transfer APP(Jika ada boleh di tawarkan tetapi harga tidak bisa tin,active
projects.co.id,Web dan Pemrograman,Website Development,? Saya Membutuhkan Akun Playconsole - Google developer/Godev Tahun 2023 -2023 kebawah?,14000000,7,9.0,"Programming, Mobile Programming, Web Programming, Drupal, Wordpress, Java Native, Android studio, Flutter",https://projects.co.id/public/browse_projects/view/40281d/g-saya-membutuhkan-akun-playconsole-google-developergodev-tahun-2023-2023-kebawahg,"Rp 10,000,000 - 18,000,000",,7 hari,"saya Mencari akun Google Play Console atau Godev , keadaan aktif atau closed krn tidak aktif  umur akun tahun 2023 atau dibawah 2023, akun siap untuk dijual beserta gmail utamanya  penjual wajib mengikuti persyaratan jual beli     Transaksi dilakukan full di Projects.co.id    transaksi selesai 7 hari setelah pergantian email, dan telp pemulihan dan password   yang di jual adalah akun email yang se",active
projects.co.id,Web dan Pemrograman,Website Development,Input produk ke marketplace tokopedia,250000,7,55.0,"Data Entry, Adobe PhotoShop",https://projects.co.id/public/browse_projects/view/9a391d/input-produk-ke-marketplace-tokopedia,"Rp 200,000 - 300,000",,7 hari,Saya membutuhkan jasa input produk ke tokopedia  Foto dan video produk mentahan saya sediakan  Pekerjaannya:  1. Ambil foto dari saya lalu taruh watermark toko saya pake image editor lalu upload ke tokopedia  2. Buat deskripsi sesuai arahan saya kebanyakan copy paste aja hanya ganti spesifikasi aja  Yang bisa image editor dan ngerti marketplace tokopedia..Bisa tinggalin WA dan portfolio Data Entry,active
projects.co.id,Web dan Pemrograman,Website Development,Membuat draft QCPC & PROCESS FMEA simpel,600000,30,14.0,Data Entry,https://projects.co.id/public/browse_projects/view/91391d/membuat-draft-qcpc-amp-process-fmea-simpel,"Rp 500,000 - 700,000",,30 hari,"Cari orang yang bisa bikinkan draft QCPC & Process FMEA. Template formulir dari saya, master data dari saya. Anda tinggal inputkan data² dari master data ke template formulir. Total item sekitar 700 item. Data Entry",active
projects.co.id,Web dan Pemrograman,Website Development,"WTB/Dibeli akun adsense 2015 - 2020 minimal PO 10x sepaket blog, tidak kena paid + proxy.",35000000,120,4.0,Google Adsense,https://projects.co.id/public/browse_projects/view/13361d/wtbdibeli-akun-adsense-2015-2020-minimal-po-10x-sepaket-blog-tidak-kena-paid-proxy,"Rp 15,000,000 - 55,000,000",,120 hari,"WTB/Dibeli  akun adsense 2015 - 2020 minimal PO 10x  sepaket blog, tidak kena paid + proxy.  NEED 5-10 akun adsense,  syukur² akun support CSE , budget ready cukup untuk beberapa akun.   PM detail & harganya. Terimakasih! Google Adsense",active
projects.co.id,Web dan Pemrograman,Website Development,Dibutuhkan yang berpengalaman membuat Prompt untuk Gambar dan Video,1250000,7,12.0,"Video Production, Writing, Machine Learning, Artificial Intelligence",https://projects.co.id/public/browse_projects/view/94391d/dibutuhkan-yang-berpengalaman-membuat-prompt-untuk-gambar-dan-video,"Rp 1,000,000 - 1,500,000",,7 hari,"Dibutuhkan yang berpengalaman membuat Prompt untuk Video Singkat dan Gambar, dan juga bisa menganalisa Prompt dari sebuah Gambar atau Video Singkat.  Lampirkan contoh Gambar atau Video Singkat yang dibuat dengan Promptnya, atau sebaliknya Prompt dari sebuah Gambar atau Video Singkat.  membuat dan menganalisa prompt 120 gambar dan video singkat per-minggu. Video ProductionWritingMachine LearningArt",active
projects.co.id,Web dan Pemrograman,Website Development,[TURUN HARGA] DICARI akun Google developer Console (GODEV) Tahun 2023 kebawah.,7000000,7,1.0,"Accounting, 3D Animation, 3D Architecture, 3D Modelling, 3ds Max, ActionScript, 3D Rendering, 3D Render Artlantis, 3D Printing, AAA Logo",https://projects.co.id/public/browse_projects/view/e3381d/turun-harga-dicari-akun-google-developer-console-godev-tahun-2023-kebawah,"Rp 2,000,000 - 12,000,000",,7 hari,Dicari Akun Google Play Console Developer GODEV Bekas yang sudah tidak terurus berisi app aktif maupun tidak aktif.      Kebutuhan 1xx Account Google Developer  Max tahun November 2023 ( makin tua makin baik )    Berisi app minimal 1 yang live   Jika ada suspend app masih bisa ditawarkan(harga tidak bisa tinggi)  Tidak ada history Transfer APP(Jika ada boleh di tawarkan tetapi harga tidak bisa tin,active
projects.co.id,Web dan Pemrograman,Website Development,Butuh desain company profile,350000,7,27.0,"Graphic Design, Web Design",https://projects.co.id/public/browse_projects/view/76391d/butuh-desain-company-profile,"Rp 200,000 - 500,000",,7 hari,"Halo saya perlu design grafis untuk mendesain company profile yang elegan, modern untuk perusahaan tech,  mohon bid dengan melampirkan project serupa. terimakasih Graphic DesignWeb Design",active
projects.co.id,Web dan Pemrograman,Website Development,Dibeli Akun Google Development (GODEV),8500000,30,2.0,Google Cloud Developer,https://projects.co.id/public/browse_projects/view/a2321d/dibeli-akun-google-development-godev,"Rp 7,000,000 - 10,000,000",,30 hari,"Lagi Cari Akun Tahun 2023 Kebawah 1. Google Development (GODEV) yang aktif, closed, unverified 2. Sudah pernah publish 1 app ke production 3. Status app boleh production, removed by google, suspended by google Screenshoot untuk lanjut transaksi :  1. Payment $25 2. Detail Akun 3. Email isi iarc Google Cloud Developer",active
projects.co.id,Web dan Pemrograman,Website Development,WTB/Dibeli akun adsense 2015 - 2021 minimal PO 20x support CSE/penelusuran sepaket dengan blog,35000000,120,5.0,Google Adsense,https://projects.co.id/public/browse_projects/view/a3311d/wtbdibeli-akun-adsense-2015-2021-minimal-po-20x-support-csepenelusuran-sepaket-dengan-blog,"Rp 15,000,000 - 55,000,000",,120 hari,"WTB/Dibeli  akun adsense 2015 - 2021 dengan dashboard IDR/Rupiah  minimal PO 20x support CSE/penelusuran sepaket blog, tidak kena paid + proxy.     Wajib muncul sponsored, budget 15jt-55jt, budget bisa     melar jika web bagus.  Atau kalau ada blog bertraffik 200-300 uv/day boleh tawarkan.     PM detail & harganya. Terimakasih! Google Adsense",active
projects.co.id,Web dan Pemrograman,Website Development,Bad site link,275000,1,14.0,Search Engine Optimization (SEO),https://projects.co.id/public/browse_projects/view/7c391d/bad-site-link,"Rp 200,000 - 350,000",,1 hari,"saya searc astro kabinet,muncul sitelink yang tidak di inginkan yaitu :     factory, about us, kontak kami, toko, toko - page 3, lemari locker    Link2 ini isinya tidak ada    Ada solusi agar bisa mengontrol apa yang ditampilkan di google search? Search Engine Optimization (SEO)",active
projects.co.id,Web dan Pemrograman,Website Development,Dibutuhkan Penyebar Kuesioner Penelitian Online - VR Desa Wisata,650000,7,9.0,"Data Entry, Web Research, Quesioner, Responden",https://projects.co.id/public/browse_projects/view/70391d/dibutuhkan-penyebar-kuesioner-penelitian-online-vr-desa-wisata,"Rp 600,000 - 700,000",,7 hari,"Saya mencari penyebar kuesioner online yang jujur yang tinggal di Jawa Tengah dan Jawa Barat. Responden yang saya butuhkan berjumlah minimal 200 orang tinggal di sekitar Jawa Tengah dan Jawa Barat.  Pelamar yang tidak memasang foto jelas tidak akan direspon.   Penelitian saya: ""  Survei Transformasi Pembelajaran Masyarakat Desa Wisata melalui Virtual Reality  ""     Syarat responden untuk penelitia",active
projects.co.id,Web dan Pemrograman,Website Development,Dibutuhkan Penyebar Kuesioner Penelitian Online - Rotan Gamifikasi,650000,7,1.0,"Data Entry, Web Research, Quesioner, Responden",https://projects.co.id/public/browse_projects/view/6d391d/dibutuhkan-penyebar-kuesioner-penelitian-online-rotan-gamifikasi,"Rp 600,000 - 700,000",,7 hari,"Saya mencari penyebar kuesioner online yang jujur yang tinggal di Jawa Tengah dan Jawa Barat. Responden yang saya butuhkan berjumlah minimal 200 orang tinggal di sekitar Jawa Tengah dan Jawa Barat.  Pelamar yang tidak memasang foto jelas tidak akan direspon.  Penelitian saya: "" Survei Peran Gamifikasi dalam Meningkatkan Motivasi dan Self-Efficacy Pengrajin Rotan ""    Syarat responden untuk penelit",active
projects.co.id,Web dan Pemrograman,Website Development,"Optimasi on-page SEO (keyword, meta tag, heading, internal link)",1000000,30,18.0,Search Engine Optimization (SEO),https://projects.co.id/public/browse_projects/view/64391d/optimasi-on-page-seo-keyword-meta-tag-heading-internal-link,"Rp 1,000,000 - 1,000,000",,30 hari,"Melakukan   SEO audit   pada website      Optimasi  on-page SEO  (keyword, meta tag, heading, internal link)  Riset dan implementasi  keyword strategy   Memberikan rekomendasi  technical SEO     Meningkatkan  ranking keyword  dan traffic organik Search Engine Optimization (SEO)",active
projects.co.id,Web dan Pemrograman,Website Development,TAWARKAN SEKARANG akun Google developer Console (GODEV) Tahun 2023 kebawah!,9000000,7,2.0,"Accounting, 3D Modelling, 3ds Max, .NET Micro Framework, ActionScript, ActiveDirectory, 3D Rendering, 3D Render Artlantis, 3D Printing, AAA Logo",https://projects.co.id/public/browse_projects/view/3d341d/tawarkan-sekarang-akun-google-developer-console-godev-tahun-2023-kebawah,"Rp 3,000,000 - 15,000,000",,7 hari,Dicari Akun Google Play Console Developer GODEV Bekas yang sudah tidak terurus berisi app aktif maupun tidak aktif.         Kebutuhan 1xx Account Google Developer  Max tahun November 2023 ( makin tua makin baik )    Berisi app minimal 1 yang live   Jika ada suspend app masih bisa ditawarkan(harga tidak bisa tinggi)   Dibeli beserta akun email utamanya  Akun wajib sudah terverifikasi Identitas/Id c,active
projects.co.id,Web dan Pemrograman,Website Development,? DIbeli  Akun Playconsole - Google developer/Godev Tahun 2023 -2023 kebawah?,11500000,7,5.0,"Mobile Programming, JavaScript, PHP, Django Framework, Laravel Framework, AngularJS, Android studio, Flutter",https://projects.co.id/public/browse_projects/view/84291d/g-dibeli-akun-playconsole-google-developergodev-tahun-2023-2023-kebawahg,"Rp 8,000,000 - 15,000,000",,7 hari,"Rekan-rekan developer.  saya mencari akun Google Play Console atau Godev , keadaan aktif atau closed krn tidak aktif  umur akun tahun 2023 atau dibawah 2023 sduah pernah publish apss diplaystore, akun siap untuk dijual beserta gmail utamanya  penjual wajib mengikuti persyaratan jual beli     Transaksi dilakukan full di Projects.co.id    transaksi selesai 7 hari setelah pergantian email, dan telp p",active
projects.co.id,Web dan Pemrograman,Website Development,Buatkan conten promosi untuk media sosial perhari 10 untuk 1 bulan,8000000,31,22.0,Sales and Marketing,https://projects.co.id/public/browse_projects/view/5b391d/buatkan-conten-promosi-untuk-media-sosial-perhari-10-untuk-1-bulan,"Rp 6,000,000 - 10,000,000",,31 hari,"Tugas utama: Mempelajari aplikasi secara langsung, memahami fitur dan alur penggunaan, lalu membuat konten promosi harian untuk media sosial.  Jenis konten yang dibuat: • tips penggunaan aplikasi • cara daftar akun • cara menjalankan task • cara mendapatkan penghasilan • info fitur aplikasi • tutorial singkat • edukasi pengguna baru • konten promosi yang menarik dan mudah dipahami  Target konten: ",active
projects.co.id,Web dan Pemrograman,Website Development,Master Naskah Quran,8500000,90,5.0,"Microsoft Office Publisher, Arabian, Adobe Indesign",https://projects.co.id/public/browse_projects/view/58391d/master-naskah-quran,"Rp 7,000,000 - 10,000,000",,90 hari,"Kami membuka kesempatan untuk membuat  Master Naskah Qur’an  untuk pengerjaan:  
 
Qur’an Original (Arab saja)
 
 
Qur’an Terjemahan
 
 
Format Mushaf Utsmani 15 Baris
 
  Kualifikasi:  
 
Memahami penulisan Mushaf Utsmani
 
 
Teliti dan detail terhadap harakat, tanda baca, waqaf, dan layout ayat
 
 
Berpengalaman dalam editing/layout naskah Al-Qur’an menjadi nilai plus
 
 
Mampu menggunakan softw",active
projects.co.id,Web dan Pemrograman,Website Development,Mystery Shopper atau Mystery Shopping Freelance,250000,20,6.0,"Business Analysis, Business Service, Sales and Marketing, Market Research, Personal Assistant, Administration, Microsoft Word, Microsoft Excel, Data Analysis, Responden",https://projects.co.id/public/browse_projects/view/1a381d/mystery-shopper-atau-mystery-shopping-freelance,"Rp 200,000 - 300,000",,20 hari,Kami sedang mencari tim Mystery Shopper dengan tugas: 1. Membeli produk. 2. Melakukan transaksi sesuai panduan serta mengisi kuesioner. 3. Memberikan laporan atau umpan balik terperinci tentang hasil kunjungan.  Dengan persyaratan:            1    Usia dewasa (18 - 35 tahun)      2    Menyukai Makanan Snack Pedas      3    Domisili sesuai dengan Area:     Jakarta     Depok    Tangerang Selatan    ,active
projects.co.id,Web dan Pemrograman,Website Development,SALES FREELANCE,750000,7,9.0,"Internet Marketing, Affiliate Marketing, Email Marketing, Social Media Marketing (SMM), Sales and Marketing, Market Research, Marketing Strategy, Telemarketing",https://projects.co.id/public/browse_projects/view/4f391d/sales-freelance,"Rp 500,000 - 1,000,000",,7 hari,"Bagaimana mempromosikan produk/jasa digital IT (ERP, CRM, POS, dan lainnya) kepada masyarakat luas. Internet MarketingAffiliate MarketingEmail MarketingSocial Media Marketing (SMM)Sales and MarketingMarket ResearchMarketing StrategyTelemarketing",active
projects.co.id,Web dan Pemrograman,Mobile Programming,� Saya Membutuhkan Akun Playconsole - Google developer/Godev Tahun 2023 -2023 kebawah�,14000000,7,9.0,"Programming, Mobile Programming, Web Programming, Drupal, Wordpress, Java Native, Android studio, Flutter",https://projects.co.id/public/browse_projects/view/40281d/a-saya-membutuhkan-akun-playconsole-google-developergodev-tahun-2023-2023-kebawaha,"Rp 10,000,000 - 18,000,000",,7 hari,"saya Mencari akun Google Play Console atau Godev , keadaan aktif atau closed krn tidak aktif  umur akun tahun 2023 atau dibawah 2023, akun siap untuk dijual beserta gmail utamanya  penjual wajib mengikuti persyaratan jual beli     Transaksi dilakukan full di Projects.co.id    transaksi selesai 7 hari setelah pergantian email, dan telp pemulihan dan password   yang di jual adalah akun email yang se",active
projects.co.id,Web dan Pemrograman,Mobile Programming,� DIbeli  Akun Playconsole - Google developer/Godev Tahun 2023 -2023 kebawah�,11500000,7,5.0,"Mobile Programming, JavaScript, PHP, Django Framework, Laravel Framework, AngularJS, Android studio, Flutter",https://projects.co.id/public/browse_projects/view/84291d/a-dibeli-akun-playconsole-google-developergodev-tahun-2023-2023-kebawaha,"Rp 8,000,000 - 15,000,000",,7 hari,"Rekan-rekan developer.  saya mencari akun Google Play Console atau Godev , keadaan aktif atau closed krn tidak aktif  umur akun tahun 2023 atau dibawah 2023 sduah pernah publish apss diplaystore, akun siap untuk dijual beserta gmail utamanya  penjual wajib mengikuti persyaratan jual beli     Transaksi dilakukan full di Projects.co.id    transaksi selesai 7 hari setelah pergantian email, dan telp p",active
projects.co.id,Web dan Pemrograman,Data Entry & Mining,Pembuatan website pakai wordpress,3250000,14,104.0,"Wordpress, Wordpress Templates",https://projects.co.id/public/browse_projects/view/17381d/pembuatan-website-pakai-wordpress,"Rp 1,500,000 - 5,000,000",,14 hari,Scope : redesign website pkc.co.id  Platform : wordpress.  Style : look and feel mengikuti compro  Menu : sesuai compro.  Target : 2 minggu  Proposa dan penawaran harga dikirimkan. WordpressWordpress Templates,active
projects.co.id,Web dan Pemrograman,Data Entry & Mining,Reverse engineering,3500000,7,5.0,"Unreal Engine, Bridge Engineering Structure",https://projects.co.id/public/browse_projects/view/04391d/reverse-engineering,"Rp 2,000,000 - 5,000,000",,7 hari,di cari yang bisa reverse engineering untuk membuat bot game     diutamakan jogja agar komunikasi lancar Unreal EngineBridge Engineering Structure,active
projects.co.id,Web dan Pemrograman,Data Entry & Mining,Online Order Form Integrasi Dengan Whatsapp,2250000,7,65.0,Order Processing,https://projects.co.id/public/browse_projects/view/bf381d/online-order-form-integrasi-dengan-whatsapp,"Rp 1,500,000 - 3,000,000",,7 hari,"Kami sedang mencari  jasa pembuatan online order form  dengan kebutuhan sebagai berikut:  
 
Formulir harus dapat  terintegrasi langsung dengan WhatsApp  (misalnya hasil input otomatis terkirim ke nomor/admin WhatsApp).
 
 
Desain dan struktur form perlu  mengikuti format formulir order fisik yang sudah ada  (custom, bukan template standar).
 
 
Mendukung field yang cukup kompleks (opsi produk, ku",active
projects.co.id,Web dan Pemrograman,Data Entry & Mining,[Relist] Membuat Website Spesifikasi Ponsel,2250000,30,113.0,"JavaScript, PHP, Web Design, Web Scrapping",https://projects.co.id/public/browse_projects/view/242f1d/relist-membuat-website-spesifikasi-ponsel,"Rp 1,500,000 - 3,000,000",,30 hari,"Hi Freelancer,  Kali ini saya perlu bantuan anda untuk pembuatan web spesifikasi ponsel.  Referensi: https://www.gsmarena.com/  Tidak perlu fitur blog. Ada page untuk term and use, privacy, contact us Ada banner image/code adsense untuk iklan, sehingga perlu space di webnya Ada popup cookie policy, biasa adsense mensyaratkan itu.   Tech stack  Leaf MVC,  https://leafphp.dev/docs/mvc/ . G populer, ",active
projects.co.id,Web dan Pemrograman,Data Entry & Mining,perbaikan eror login web laravel,200000,7,83.0,"Web Research, Web Programming, Website, Web Design, Website Building, Website Templates, Web Scrapping",https://projects.co.id/public/browse_projects/view/a4381d/perbaikan-eror-login-web-laravel,"Rp 100,001 - 300,000",,7 hari,saya perlu di bantu perbaikan minor login registrasi web laravel Web ResearchWeb ProgrammingWebsiteWeb DesignWebsite BuildingWebsite TemplatesWeb Scrapping,active
projects.co.id,Web dan Pemrograman,Data Entry & Mining,Remote dev untuk backend mobile app,3000000,60,42.0,NodeJS,https://projects.co.id/public/browse_projects/view/1d381d/remote-dev-untuk-backend-mobile-app,"Rp 2,000,000 - 4,000,000",,60 hari,"Halo,  Saya sedang membutuhkan backend developer untuk develop aplikasi dari 0 dengan tech stack NodeJs + NestJs. Adapun aplikasi yang di develop core nya attendance, leave, update work progress, loan, payslip. Timeline project ini 1-2 bulan max, jadi dibutuhkan developer yg komitmen.  Scope:  1. Berhubung database sudah ada, palingan adjustment yg diperlukan untuk mobile app. Ajukan ERD yg dibutu",active
projects.co.id,Web dan Pemrograman,Data Entry & Mining,Dibutuhkan backend developer,2600000,30,56.0,Laravel Framework,https://projects.co.id/public/browse_projects/view/0b381d/dibutuhkan-backend-developer,"Rp 2,000,000 - 3,200,000",,30 hari,"Dibutuhkan backend developer dengan tech stack Laravel 12/13 menguasai SOLID principle untuk mengerjakan API mobile dimana aplikasi yg di develop HRIS untuk module absensi, event, notification, employee points, cek payslip, kasbon.  Scope nya:     Membuat api yang dibutuhkan untuk mobile. Arsitektur database sudah ada (boleh diskusi untuk revisi).  Endpoint yang dibuat sudah include unit testing &",active
projects.co.id,Web dan Pemrograman,Data Entry & Mining,Pembuatan website sekolah,2000000,28,171.0,Wordpress,https://projects.co.id/public/browse_projects/view/fc371d/pembuatan-website-sekolah,"Rp 1,000,000 - 3,000,000",,28 hari,"Tinggal pakai,admin tinggal login dan posting,sudah include domain-hosting Wordpress",active
projects.co.id,Web dan Pemrograman,Data Entry & Mining,Pembuatan beberapa halaman DEX berbasis webapp sebagai mockup,750000,1,27.0,Android,https://projects.co.id/public/browse_projects/view/02381d/pembuatan-beberapa-halaman-dex-berbasis-webapp-sebagai-mockup,"Rp 500,000 - 1,000,000",,1 hari,Seperti titel. Perlu di kerjakan dalam sehari  Pembuatan beberapa halaman DEX wallet berbasis webapp sebagai mockup  Perlu bisa di akses layaknya sebagai android app dan akan di buat menyerupai DEX wallet tertentu Android,active
projects.co.id,Web dan Pemrograman,Data Entry & Mining,Developed Organization & Job Attributed Fitur (Laravel & SQL Server),750000,7,42.0,"PHP, Laravel Framework, SQL Server, ReactJS",https://projects.co.id/public/browse_projects/view/c3371d/developed-organization-amp-job-attributed-fitur-laravel-amp-sql-server,"Rp 500,000 - 1,000,000",,7 hari,"Untuk pengembangan fitur  Organization & Job Design .  Adapun ruang lingkup pekerjaan meliputi:   Pengembangan  Organization & Job Attribute (Data Master) , mencakup:  Organization  Position  Job Level  Location  Employee Status  Additional Group    Pengembangan backend system menggunakan  PHP Laravel   Pengelolaan database menggunakan  SQL Server   Implementasi UI menggunakan  Metronic Template  ",active
projects.co.id,Web dan Pemrograman,Data Entry & Mining,"Pendaftaran & Mengerjakan 1x Tes Kualifikasi Coding Online (Durasi 1,5 Jam)",150000,31,8.0,"Programming, Data Science",https://projects.co.id/public/browse_projects/view/ba371d/pendaftaran-amp-mengerjakan-1x-tes-kualifikasi-coding-online-durasi-15-jam,"Rp 125,000 - 175,000",,31 hari,Halo rekan-rekan freelancer projects.co.id!    Saya membutuhkan jasa 1 orang  Senior Programmer/Coder  berpengalaman untuk melakukan registrasi dan menyelesaikan  1 (satu) buah tes kualifikasi (Assessment Test)  di suatu perusahaan luar negeri. Pendaftaran wajib dilakukan melalui link undangan yang akan saya berikan kepada  worker  terpilih.      1. To do   Pekerjaan ini hanya dilakukan 1x (satu k,active
projects.co.id,Web dan Pemrograman,Data Entry & Mining,Pengembangan Website,3000000,30,144.0,"Data Entry, Web Research, Database Programming, Web Programming, Website, Web Design, Website Building, Website Templates, Laravel Framework, Web Scrapping",https://projects.co.id/public/browse_projects/view/49361d/pengembangan-website,"Rp 2,000,000 - 4,000,000",,30 hari,Pekerjaan     Membuat Halaman Homepage Hingga Pembayaran Produk (UI UX Modern & Mobile Friendly)      Integrasi   Terintegrasi Dengan Backend Existing (Inventory Stock)  Terintegrasi Dengan Payment Gateway + Cek Ongkir Otomatis   Fitur Utama    Produk Ready : Bisa lansgung cekout  Produk Preorder : Preorder dari Catalog (Proses 7-15 Hari) Seperti Marketplace Sistem PO  Website harus terintegrasi d,active
projects.co.id,Web dan Pemrograman,Data Entry & Mining,Dibutuhkan Frontend Dev,1250000,7,54.0,"ReactJS, VueJS",https://projects.co.id/public/browse_projects/view/27371d/dibutuhkan-frontend-dev,"Rp 1,000,000 - 1,500,000",,7 hari,"Halo,  saya sedang membutuhkan frontend developer yang menguasai tech stack vuejs 3 dan nextjs untuk task optimisation, enhancement dan mengerjakan fitur baru juga. Pekerjaan ini remote dengan scope sbb:  1. Optimisasi, investigasi bottleneck performance API lambat karena apa kemudian refactoring code supaya lbh mudah di maintain dan mengimplementasikan optimisasi dari sisi frontend   2. Melakukan",active
projects.co.id,Web dan Pemrograman,Data Entry & Mining,memperbaiki redirect domain,250000,7,46.0,"Web Research, Web Programming, Website, Web Design, Website Building, Website Templates, Web Scrapping",https://projects.co.id/public/browse_projects/view/f7361d/memperbaiki-redirect-domain,"Rp 200,000 - 300,000",,7 hari,saya perlu orang untuk memperbaiki redirect domain dan memindahkan sebagian data web yang masih eror Web ResearchWeb ProgrammingWebsiteWeb DesignWebsite BuildingWebsite TemplatesWeb Scrapping,active
projects.co.id,Web dan Pemrograman,Data Entry & Mining,Menaikkan Rating website wordpress dari E ke A pada gtmetrix.com,275000,7,25.0,"Wordpress, Wordpress Templates",https://projects.co.id/public/browse_projects/view/e5361d/menaikkan-rating-website-wordpress-dari-e-ke-a-pada-gtmetrixcom,"Rp 150,000 - 400,000",,7 hari,"bisa menaikkan rating web dari E ke A pada https://gtmetrix.com/ dan mengisi konten secara dengan desain kreatif , isi konten materi bebas  PEKERJAAN DINAYATAKAN SELESAI DONE JIKA RATING WEBSITE saya di GTMETRIX menjadi NILAI A dan masa load website  menjadi maksimal 2 detik WordpressWordpress Templates",active
projects.co.id,Web dan Pemrograman,Data Entry & Mining,Python Programmer (Remote),4250000,7,41.0,"Python, Machine Learning, Artificial Intelligence",https://projects.co.id/public/browse_projects/view/9d361d/python-programmer-remote,"Rp 3,500,000 - 5,000,000",,7 hari,"Halo semuanya,  Saat ini kami sedang membutuhkan  Python Programmer (Remote)  untuk bergabung dalam tim kami secara remote. Posisi ini cocok untuk Anda yang ingin bekerja dengan jam kerja fleksibel namun tetap produktif.      Detail Pekerjaan:   Waktu kerja: 40 jam per minggu (8 jam/hari, Senin–Jumat, jam fleksibel) Tipe kerja: Remote (bisa dari mana saja)      Lingkup Kerja:      Mengembangkan da",active
projects.co.id,Web dan Pemrograman,Data Entry & Mining,Remote backend developer,1150000,7,65.0,"Laravel Framework, VueJS",https://projects.co.id/public/browse_projects/view/6d361d/remote-backend-developer,"Rp 800,000 - 1,500,000",,7 hari,"Halo,  saya sedang membutuhkan backend developer yang menguasai tech stack Laravel dan Vuejs 3. Pekerjaan ini akan dibayar bulanan sesuai dengan budget yg tertera. Adapun task yang dikerjakan sbb:  1. Optimisation backend/frontend meliputi API performance, indexing, query, cache, queue, dll.  2. Menguasai SOLID principle untuk backend laravel.   3. Mengerjakan task enhancement ataupun fitur baru, ",active
projects.co.id,Web dan Pemrograman,Data Entry & Mining,Business Analyst Support,4500000,7,28.0,"Business Analysis, Business Service",https://projects.co.id/public/browse_projects/view/86351d/business-analyst-support,"Rp 3,000,000 - 6,000,000",,7 hari,Kami memerlukan business analyst support yang bisa membantu pembuatan dokumentasi dan proses analisa kebutuhan pelanggan untuk industri multifinance. Project adalah pengembangan aplikasi CRM untuk mengelola data nasabah. Kami prefer freelance yang bisa onsite di Jakarta selama 2-3 hari dan ada pengalaman untuk implementasi CRM. Kami membutuhkan segera untuk bisa bantu di bulan April. Nantinya akan,active
projects.co.id,Web dan Pemrograman,Data Entry & Mining,Membuat plugin PPOB,875000,30,19.0,".NET Framework, Phyton",https://projects.co.id/public/browse_projects/view/80351d/membuat-plugin-ppob,"Rp 750,000 - 1,000,000",,30 hari,Saya membutuhkan freelance yang bisa membantu saya untuk membuatkan plugin PPOB yang terhubung ke rajabiller / server pulsa otomax   Silahkan bergabung dalam project ini hanya bagi yang sudah berpengalaman saja   Info lebih lanjut via wa sertakan no wa kalian buat komunikasi lebih mudah .NET FrameworkPhyton,active
projects.co.id,Web dan Pemrograman,Data Entry & Mining,Dibutuhkan NextJs developer,500000,7,77.0,ReactJS,https://projects.co.id/public/browse_projects/view/6e351d/dibutuhkan-nextjs-developer,"Rp 400,000 - 600,000",,7 hari,"Halo,  saya sedang membutuhkan nextjs developer untuk frontend dengan scope sbb:   1. Melakukan fixing design template dimana ada yg belum diimplemen dan kurang sesuai seperti warna, butuh di adjust.   2, Membuatkan design compro modern tapi simple nextjs include ada list job nya sama bs upload cv (tidak perlu register, login) ReactJS",active
projects.co.id,Web dan Pemrograman,Data Entry & Mining,AI Automation (Airbnb & Property Platform Specialist),1500000,30,19.0,"MySQL, Git, Phyton",https://projects.co.id/public/browse_projects/view/32351d/ai-automation-airbnb-amp-property-platform-specialist,"Rp 1,000,000 - 2,000,000",,30 hari,"Responsibilities  - Mengembangkan, mengimplementasikan, dan mengelola AI automation system untuk sistem AirBNB & platform sejenis  - Mendesain dan mengoptimalkan workflow automation untuk meningkatkan efisiensi proses kerja internal maupun eksternal  - Mengintegrasikan AI dengan berbagai sistem dan tools seperti email, CRM, database, dan aplikasi pihak ketiga melalui API  - Melakukan monitoring, e",active
projects.co.id,Web dan Pemrograman,Data Entry & Mining,[Hiring] Part-Time Lead Developer � PT Lussa Teknologi Global,11500000,90,31.0,"PostgreSQL, Web Programming, JavaScript, Website, NodeJS",https://projects.co.id/public/browse_projects/view/47351d/hiring-part-time-lead-developer-pt-lussa-teknologi-global,"Rp 8,000,000 - 15,000,000",,90 hari,"PT Lussa Teknologi Global is an innovative IT solution provider specializing in high-performance   internal systems, white-label applications, and cutting-edge automation. We are looking for a visionary Part-Time Lead Developer to join our core team and spearhead the development of a workforce training web platform.    Project Details:   The primary focus of this role is the development of a Learn",active
projects.co.id,Web dan Pemrograman,Game Programming,Instalasi Windows Server 2022 & Domain Controller Active Directory,750000,7,8.0,"Windows, Windows Server, ActiveDirectory",https://projects.co.id/public/browse_projects/view/2e391d/instalasi-windows-server-2022-amp-domain-controller-active-directory,"Rp 500,000 - 1,000,000",,7 hari,Dibutuhkan Freelancer pembuatan domain controller active directory menggunakan windows server 2022 dari awal instalasi sampai implementasi ke komputer dan laptop user WindowsWindows ServerActiveDirectory,active
projects.co.id,Web dan Pemrograman,Game Programming,Di cari dokumen BRD untuk project contrak menegemen system,3000000,10,15.0,"PostgreSQL, Golang, VueJS",https://projects.co.id/public/browse_projects/view/78371d/di-cari-dokumen-brd-untuk-project-contrak-menegemen-system,"Rp 1,000,000 - 5,000,000",,10 hari,Saat ini kami membutuhkan dokumen lengkap untuk pengembangan aplikasi Contract Management System (CMS) atau aplikasi yang siap dan tinggal pakai sehingga tidak perlu pengembangan kembali atau yang siap untuk langsung dikembangkan oleh tim developer. Adapun kebutuhan kami meliputi: Business Requirement Document (BRD) System Requirement / Functional Requirement Alur workflow kontrak (end-to-end) Str,active
projects.co.id,Web dan Pemrograman,Game Programming,report urgent,250000,7,16.0,"Administrative Support, Microsoft PowerPoint, Microsoft Word, Microsoft Excel",https://projects.co.id/public/browse_projects/view/77351d/report-urgent,"Rp 200,000 - 300,000",,7 hari,"Membantu buat report. Sekitar tebet/kasablanka. Mahir word, excel, dan ppt.  Hrs ktemu di tempat kopi. Waktu minimal 1jam. Administrative SupportMicrosoft PowerPointMicrosoft WordMicrosoft Excel",active
projects.co.id,Web dan Pemrograman,Game Programming,Setting Margin Default pada xprinter,150000,3,12.0,"Firmware Programming, Windows Programming",https://projects.co.id/public/browse_projects/view/f3341d/setting-margin-default-pada-xprinter,"Rp 100,001 - 200,000",,3 hari,"Ada tambahan watermark pada setting an printer xprinter, sehingga pada hasil cetakan tumpuk dengan watermark.      Setingan sesuai contoh gambar yang bawah itu yang diinginkan dengan margin bottom 4mm,    Namun setiap ngeprint harus selalu setting margin 4mm,       Tolong settingkan agar hasil cetakan tidak menumpuk Antara print out dengan watermark  dengan margin tersebut sebagai default, jadi se",active
projects.co.id,Web dan Pemrograman,Game Programming,Pengembangan Fitur Child Panel + Custom Domain pada SMM Panel (Laravel/PHP),3000000,30,62.0,"Database Programming, jQuery, Laravel Framework, UI Design, API Gateway, Quesioner",https://projects.co.id/public/browse_projects/view/c8301d/pengembangan-fitur-child-panel-custom-domain-pada-smm-panel-laravelphp,"Rp 1,000,000 - 5,000,000",,30 hari,"Halo, saya sedang mengembangkan SMM Panel (Social Media Marketing Panel) berbasis Laravel/PHP dan membutuhkan bantuan developer untuk menambahkan fitur Child Panel (Reseller System) beserta Custom Domain per reseller.      Saat ini sistem utama sudah berjalan (order, deposit, provider API, dll), dan saya ingin mengembangkan sistem agar bisa digunakan oleh reseller dengan panel mereka sendiri. Data",active
projects.co.id,Grafis & Desain,Layout Logo Graphic,Brand & Packaging Designer (Healthy Food Brand),1500000,30,20.0,"Graphic Design, Logo Design",https://projects.co.id/public/browse_projects/view/3e381d/brand-amp-packaging-designer-healthy-food-brand,"Rp 1,000,000 - 2,000,000",,30 hari,"Deskripsi Pekerjaan  Tentang Brand Kami  Purely Made adalah brand makanan sehat premium yang akan launching Juli 2026. Estetika brand kami terinspirasi dari Aesop dan apothecary tradisional — tenang, premium, considered. Bukan brand yang loud atau cartoonish.  Brand colors: Espresso (#3E2E1E), Cocoa (#5A4A3A), Tobacco (#8B6B3A), Foil Gold (#D4A574), Cream (#F7F3E9), Sage (#9CAF88).  Tone: Minimal,",active
projects.co.id,Grafis & Desain,Layout Logo Graphic,Pembuatan Desain Packaging Pasta Gigi (Tube dan Box),375000,3,102.0,Graphic Design,https://projects.co.id/public/browse_projects/view/9b331d/pembuatan-desain-packaging-pasta-gigi-tube-dan-box,"Rp 250,000 - 500,000",,3 hari,hi saya lagi cari yang bisa bantu desain packaging pasta gigi (tube dan box)  jadi ada 2 tipe. 1 tipe nya (1 tube dan 1 box). jadi total desain 2 tube dan 2 box  untuk yang bisa ajukan portfolio dan no wa nya ya   saya hubungi  thx Graphic Design,active
projects.co.id,Grafis & Desain,Layout Logo Graphic,Membuat tema untuk profile di website profilix.id,3000000,30,41.0,NodeJS,https://projects.co.id/public/browse_projects/view/81321d/membuat-tema-untuk-profile-di-website-profilixid,"Rp 3,000,000 - 3,000,000",,30 hari,"Kami sedang mencari pembuat tema (developer) untuk mengerjakan pembuatan 100 tema di platform  Profilix .   Profilix  adalah platform yang memudahkan pembuatan website portofolio bisa membuat portfolio cepat tanpa perlu skill coding, dengan sistem yang sudah disiapkan sehingga user tinggal memilih tema dan mengisi konten.     Tema yang dibuat akan digunakan untuk website portofolio, sehingga perlu",active
projects.co.id,Grafis & Desain,Layout Logo Graphic,Pembuatan Undangan Pernikahan Menggunakan CorelDraw,150000,7,64.0,CorelDRAW,https://projects.co.id/public/browse_projects/view/42321d/pembuatan-undangan-pernikahan-menggunakan-coreldraw,"Rp 100,000 - 200,000",,7 hari,"Halo, saya sedang mencari designer untuk membantu pembuatan  desain undangan pernikahan menggunakan CorelDRAW .  Detail project:   Konsep, ukuran, warna, dan referensi design akan saya sediakan  Designer hanya perlu mengeksekusi design sesuai brief  Hasil akhir harus rapi, siap cetak, dan sesuai dengan referensi yang diberikan   Kebutuhan:   Menggunakan  CorelDRAW   Memahami layout undangan (depan",active
projects.co.id,Grafis & Desain,Layout Logo Graphic,Membuat Mockup iPhone Case,225000,7,22.0,Adobe PhotoShop,https://projects.co.id/public/browse_projects/view/5b311d/membuat-mockup-iphone-case,"Rp 150,000 - 300,000",,7 hari,Membuat Mockup iPhone Case  syarat worker  1. pengalaman membuat mockup dibuktikan dengan portofolio  2. meriset dimensi iphone termasuk logo apple posisi dari min. 2 sumber     Syarat mockup utama  1. Dimensi harus sesuai dgn aktual dimensi iPhone  2. Logo apple wajib ada  3. Titik posisi Logo apple harus akurat sesuai aktual iPhone      Syarat lainnya   1. Mudah dioperasikan  2. Bisa dibuka di p,active
projects.co.id,Grafis & Desain,Layout Logo Graphic,Dicari yang bisa design baju couple,200000,7,66.0,Adobe PhotoShop,https://projects.co.id/public/browse_projects/view/13311d/dicari-yang-bisa-design-baju-couple,"Rp 200,000 - 200,000",,7 hari,"Dicari yang bisa design baju couple.        Kriteria design:      1. Design baju kaos untuk cowo dan cewe (hijab dan non hijab) dengan design/logo/gambar bebas. yang penting unik bukan yang pernah digunakan orang lain sebelumnya      2. Design baju bebas (kemeja/sweater/baju rajut/apapun itu) tidak harus ada gambar dibajunya. Bisa saling terhubung antara warna baju, atau model baju, atau design ba",active
projects.co.id,Grafis & Desain,Layout Logo Graphic,Bikin 1 Poster dan 1 Video,150000,7,187.0,"Design Arts, Video Production",https://projects.co.id/public/browse_projects/view/64281d/bikin-1-poster-dan-1-video,"Rp 100,001 - 200,000",,7 hari,Halo Kak  Kami sedang mencari editor untuk membikin poster dan video tentang konser  Terima kasih Design ArtsVideo Production,active
projects.co.id,Pemasaran & Periklanan,Internet Marketing,Worker Untuk Video Animasi Topik Saham,400000,7,10.0,"Animation, 3D Animation, Video Animation",https://projects.co.id/public/browse_projects/view/22391d/worker-untuk-video-animasi-topik-saham,"Rp 300,000 - 500,000",,7 hari,Saya membutuhkan worker yang mampu membuat video animasi shorts seperti vodeo animasi kurzegazt di youtube dnegan rasio 16:9  Jumlah video 1  Topik storytelling saham  Durasi video kurang dari 3 menit Animation3D AnimationVideo Animation,active
projects.co.id,Pemasaran & Periklanan,Internet Marketing,Dibutuhkan Illustrator/3D Artist untuk Aset Gambar Digital Yang Detail & Realistis,250000,3,10.0,"Adobe PhotoShop, Adobe Illustrator, Blender, 3ds Max, 3D Rendering",https://projects.co.id/public/browse_projects/view/29381d/dibutuhkan-illustrator3d-artist-untuk-aset-gambar-digital-yang-detail-amp-realistis,"Rp 150,000 - 350,000",,3 hari,"Kami sedang mengembangkan produk digital yang membutuhkan aset visual berkualitas tinggi, dengan elemen-elemen grafis yang detail, realistis, dan presisi secara visual.  Untuk tahap awal, kami mencari freelancer yang bisa mengerjakan 1–2 aset dulu sebagai test project. Jika hasilnya sesuai, kami terbuka untuk kerja sama jangka panjang.  Skill yang dibutuhkan:  - Adobe Illustrator dan/atau Photosho",active
projects.co.id,Pemasaran & Periklanan,Internet Marketing,GAMBAR arsitektur 3D + Gambar Kerja + BOQ (KELAPA GADING),3500000,7,19.0,"Risk Analysis, Architecture, 3D Architecture, SweetHome 3D, 3D Modelling, Unity 3D, 3D Rendering, 3D Render Artlantis, RAB (Rencana Anggaran Biaya)",https://projects.co.id/public/browse_projects/view/c0371d/gambar-arsitektur-3d-gambar-kerja-boq-kelapa-gading,"Rp 2,500,000 - 4,500,000",,7 hari,"Ukuran Bengkel mobil 27m x 46m (Kelapa gading-Jak-ut)  1. TUJUAN DESAIN Membangun bengkel dengan konsep: - Industrial modern - Low cost - Semi permanent - Fokus fungsi, alur kerja efisien, rapi, dan mudah dibangun - Desain harus realistis & buildable, bukan sekadar cantik > Bangunan akan digunakan jangka 15th, jadi harus kuat secara fungsi, walau hemat biaya.   2. DATA UMUM BANGUNAN - Lokasi: Kela",active
projects.co.id,Pemasaran & Periklanan,Internet Marketing,Membuat Video Motion Grafish,8500000,25,43.0,"Adobe After Effects, Video Animation",https://projects.co.id/public/browse_projects/view/9e331d/membuat-video-motion-grafish,"Rp 7,000,000 - 10,000,000",,25 hari,Saya ingin membuat video untuk menjelakan sutau materi contoh seperti  https://www.youtube.com/watch?v=4hWnbHXVYko https://www.youtube.com/watch?v=ZuHRHv-_KXw  durasi video +- 3 menit pervideo butuh 10 video coba sertakan portofolio kalian.  domisili di utamakan jakarta/ depok/ bogor/bekasi Adobe After EffectsVideo Animation,active
projects.co.id,Pemasaran & Periklanan,Internet Marketing,Pembuatan Motion Graphic Flyer Digital untuk Event Club Malam (Style Onyx Makassar),400000,3,16.0,"Graphic Design, Audio Editing, Audio Production, Video Editing, Video Production, Adobe After Effects, Adobe Premiere, Video Animation",https://projects.co.id/public/browse_projects/view/b2311d/pembuatan-motion-graphic-flyer-digital-untuk-event-club-malam-style-onyx-makassar,"Rp 300,000 - 500,000",,3 hari,"Halo, saya mencari Motion Graphic Designer berbahan kreatif untuk membuat flyer video/motion untuk keperluan promosi DJ di club malam.   Ruang Lingkup Pekerjaan:    Membuat 1 file Motion Flyer (durasi 15-30 detik) untuk Instagram Feed/Story.  Desain harus memiliki vibe ""Nightlife"" yang mewah, energetik, dan modern.   Referensi Visual:  Saya ingin  style  dan kualitasnya setara dengan motion graphi",active
projects.co.id,Pemasaran & Periklanan,SEO,TAWARKAN Kesaya akun Google developer Console (GODEV) Tahun 2023 kebawah..!!,9000000,7,6.0,"Accounting, 3D Animation, 3D Architecture, 3D Modelling, 3ds Max, ActionScript, 3D Rendering, 3D Render Artlantis, 3D Printing, AAA Logo",https://projects.co.id/public/browse_projects/view/83331d/tawarkan-kesaya-akun-google-developer-console-godev-tahun-2023-kebawah,"Rp 3,000,000 - 15,000,000",,7 hari,Dicari Akun Google Play Console Developer GODEV Bekas yang sudah tidak terurus berisi app aktif maupun tidak aktif.         Kebutuhan 1xx Account Google Developer  Max tahun November 2023 ( makin tua makin baik )    Berisi app minimal 1 yang live   Jika ada suspend app masih bisa ditawarkan(harga tidak bisa tinggi)   Dibeli beserta akun email utamanya  Akun wajib sudah terverifikasi Identitas/Id c,active
projects.co.id,Pemasaran & Periklanan,SEO,"Mencari IDE BISNIS, KAMU JADI Project Manager PROFIT SHARING, Untuk SaaS Aplikasi",6500000,7,34.0,"Business Proposals, Business Plans, Mobile Programming, Web Programming, Web Design",https://projects.co.id/public/browse_projects/view/e0381d/mencari-ide-bisnis-kamu-jadi-project-manager-profit-sharing-untuk-saas-aplikasi,"Rp 3,000,000 - 10,000,000",,7 hari,"Halo, saya owner dari  HOBICODE.com , sebuah software house yang saat ini sedang berjalan dan sudah memiliki beberapa produk SaaS. 
 Saat ini saya sedang mencari  orang yang punya ide kreatif  yang bisa membantu menemukan dan mengembangkan  1 ide bisnis digital/SaaS yang potensial , lalu ide tersebut akan kita konversi menjadi produk aplikasi. 
 Tugas utama partner: 
 
 
Mencari dan mengusulkan 1 ",active
projects.co.id,Pemasaran & Periklanan,SEO,WTB Rate Tinggi Akun Godev / Google Play Console 2023 kebawah,12500000,7,1.0,"Android, Android studio",https://projects.co.id/public/browse_projects/view/e6381d/wtb-rate-tinggi-akun-godev-google-play-console-2023-kebawah,"Rp 10,000,000 - 15,000,000",,7 hari,Dibeli akun godev tidak terpakai atau yang mau jual kami beli rate tinggi. akun aktif/closed/ atau belum verif kami terima  sudah pernah live app   no transfer app  dicari app yang sedikit suspend  dibeli beserta gmailnya   Akun 2023 kebawah cek akun terlebih dahulu AndroidAndroid studio,active
projects.co.id,Pemasaran & Periklanan,SEO,Upload Aplikasi E-Health ke playstore,400000,7,28.0,Flutter,https://projects.co.id/public/browse_projects/view/68381d/upload-aplikasi-e-health-ke-playstore,"Rp 300,000 - 500,000",,7 hari,Mengupload Aplikasi E-Health ke playstore Flutter,active
projects.co.id,Pemasaran & Periklanan,SEO,Upload Playstore dan Appstore,1500000,3,13.0,"ReactJS, React Native",https://projects.co.id/public/browse_projects/view/2c381d/upload-playstore-dan-appstore,"Rp 1,000,000 - 2,000,000",,3 hari,Saya butuh jasa upload aplikasi LMS untuk appstore dan playstore.  Maksimal 3hari sudah bisa di test. ReactJSReact Native,active
projects.co.id,Pemasaran & Periklanan,SEO,Perbaikan eror flutter agar berjalan ke SDK 6,250000,1,26.0,"Android studio, Flutter",https://projects.co.id/public/browse_projects/view/ed371d/perbaikan-eror-flutter-agar-berjalan-ke-sdk-6,"Rp 200,000 - 300,000",,1 hari,"Butuh bantuan remot , untuk memperbaiki flutter di android studio,  agar soport SDK 6, dan bantu agar scritp pada main.dart bisa di run Android studioFlutter",active
projects.co.id,Pemasaran & Periklanan,SEO,Upload Dan publish Aplikasi ke Playstore dan appstore,175000,100,22.0,"Android, iPhone/iOS, Xcode, Android studio",https://projects.co.id/public/browse_projects/view/bb361d/upload-dan-publish-aplikasi-ke-playstore-dan-appstore,"Rp 150,000 - 200,000",,100 hari,Saya ingin cari orang yang bisa membantu saya dalam langkah-langkah mengupload dan publish aplikasi di playstore dan appstore. AndroidiPhone/iOSXcodeAndroid studio,active
projects.co.id,Pemasaran & Periklanan,SEO,DICARI: Fullstack Mobile Developer — Aplikasi Micro Drama (Short Video),7500000,30,32.0,"NodeJS, ReactJS, Flutter, React Native",https://projects.co.id/public/browse_projects/view/7c361d/dicari-fullstack-mobile-developer-aplikasi-micro-drama-short-video,"Rp 5,000,000 - 10,000,000",,30 hari,"Kami sedang membangun aplikasi micro drama berbasis short video (durasi 30 detik – 3 menit), mirip konsep TikTok namun khusus konten drama series bersambung. Target pasar utama adalah pengguna Indonesia.  Aplikasi ini dibangun from scratch dengan fitur lengkap: upload & streaming video, sistem episode/series, subscription berbayar, admin panel, dan notifikasi.  FITUR YANG DIBUTUHKAN  - Mobile App ",active
projects.co.id,Pemasaran & Periklanan,SEO,BELI GODEV HINGGA TAHUN 2026,2500000,7,2.0,"Mobile Programming, Android, Android studio, Flutter, React Native",https://projects.co.id/public/browse_projects/view/c2331d/beli-godev-hingga-tahun-2026,"Rp 2,000,000 - 3,000,000",,7 hari,"HALLO TEMAN TEMAN SEMUA, BAGI KALIAN YANG PERNAH PUBLISH APP KE PLAYSTORE, PASTI ADA AKUN GODEVNYA.     NAH APABILA TIDAK DIGUNAKAN LAGI DAN KALIAN INGIN JUAL BISA JUAL KE SAYA YA.     SPESIFIKASI AKUN YANG DIBUTUHKAN:   AKUN GODEV 2024-2026 DENGAN APP LIVE 1 / GAGAL TESTER  AKUN GODEV 2023 12 NOVEMBER KE BAWAH DENGAN APP PERNAH LIVE 1 (BOLEH REMOVED, SUSPENDED, UNPUBLISHED)  AKUN GODEV 2023 12 NO",active
projects.co.id,Pemasaran & Periklanan,SEO,Hiring IOS Developer - PT Monstera Mitra Teknologi (WFO - Full Time),6500000,7,6.0,"Mobile Programming, Android, iPhone/iOS",https://projects.co.id/public/browse_projects/view/7a351d/hiring-ios-developer-pt-monstera-mitra-teknologi-wfo-full-time,"Rp 6,000,000 - 7,000,000",,7 hari,🚀 WE'RE HIRING: iOS DEVELOPER (WFO) 🚀    PT. Monstera Mitra Teknologi is opening opportunities for those of you who are passionate about the world of mobile development and are ready to grow with our team!     📱 Position: iOS Developer   📍 Placement: Work From Office (WFO)    Qualifications:     • Minimum education of vocational schools in related majors (RPL/TKJ/similar) D3/S1 is prioritized   • ,active
projects.co.id,Pemasaran & Periklanan,SEO,Dibutuhkan UI UX,1250000,14,38.0,"UI Design, UX Design",https://projects.co.id/public/browse_projects/view/83351d/dibutuhkan-ui-ux,"Rp 1,000,000 - 1,500,000",,14 hari,Dibuatkan UI UX untuk design desktop dan beberapa interface untuk mobile (responsive) Aplikasi yang akan di buat adalah pengolahan keungan.  Dibutuhkan yang sudah berpengalaman dan mempunyai portfolio. Mohon cantumkan link portfolio. Semua transaksi akan dilakukan melalui projects.co.id  Pengerjaan kurang lebih 7 - 14 hari UI DesignUX Design,active
projects.co.id,Pemasaran & Periklanan,SEO,Web based photobooth agar support IOS,750000,7,18.0,"iPhone/iOS, Web Programming, Website, Website Building, NodeJS",https://projects.co.id/public/browse_projects/view/ea341d/web-based-photobooth-agar-support-ios,"Rp 500,000 - 1,000,000",,7 hari,"Hai, beberapa waktu lalu saya buat project aplikasi photobooth lewat sini : https://projects.co.id/user/my_projects/view/fa2b1d/aplikasi-photobooth-self-service  saat ini aplikasi web based ini sudah jalan sempurna lewat browser OS Android, tetapi ingin bisa di IOS saat ini kendala nya printer thermal tersebut tidak mendeteksi, saya lampirkan fotonya. Bagaimana caranya agar bisa support deteksi pr",active
projects.co.id,Pemasaran & Periklanan,SEO,dicari reverse engineer apk,475000,4,7.0,"Mobile Programming, Penetration Testing",https://projects.co.id/public/browse_projects/view/5e341d/dicari-reverse-engineer-apk,"Rp 350,000 - 600,000",,4 hari,"halo.. saya perlu bantuan untuk menemukan  algoritma pembentukan payload serta metode enkripsi data dari sebuah request parameter api yang dikirim oleh aplikasi android apk,    dengan menggunakan frida & burp atau semacamnya.   Terima kasih. Mobile ProgrammingPenetration Testing",active
projects.co.id,Pemasaran & Periklanan,SEO,Mencari Expert Flutter untuk Mentoring Workflow: AI-Driven Figma to Code & Build Custom AI Agent,2000000,14,11.0,"Cross Platform Programming, Mobile Programming, Android",https://projects.co.id/public/browse_projects/view/3a341d/mencari-expert-flutter-untuk-mentoring-workflow-ai-driven-figma-to-code-amp-build-custom-ai-agent,"Rp 1,000,000 - 3,000,000",,14 hari,"Halo,  Saya mencari seorang Flutter Developer yang sudah berada di level ""modern workflow"" untuk mengajari saya cara membangun aplikasi dengan bantuan AI secara maksimal.  Fokus utama yang ingin saya pelajari adalah:     Automated Slicing:  Menggunakan AI tools (seperti Builder.io, DhiWise, atau plugin AI lainnya) untuk mengonversi desain Figma menjadi kode Flutter yang bersih dan siap pakai.     ",active
projects.co.id,Pemasaran & Periklanan,SEO,Butuh Bantuan Upload Aplikasi ke TestFlight (Akun Apple Developer Aktif),750000,7,9.0,iPhone/iOS,https://projects.co.id/public/browse_projects/view/e3331d/butuh-bantuan-upload-aplikasi-ke-testflight-akun-apple-developer-aktif,"Rp 500,000 - 1,000,000",,7 hari,"Halo,  Saya sedang mencari freelancer yang memiliki akun Apple Developer aktif untuk membantu proses upload aplikasi iOS ke TestFlight.  Detail pekerjaan:  Membantu upload file aplikasi (.ipa) ke App Store Connect  Menyiapkan TestFlight hingga aplikasi bisa diakses oleh tester  Durasi tayang di TestFlight: ±7 hari  Tidak termasuk publikasi ke App Store (hanya TestFlight)  Kriteria freelancer:  Mem",active
projects.co.id,Pemasaran & Periklanan,SEO,Aplikasi Z v1.0 - Jasa Suruhan Sekolah,7500000,35,85.0,"Android, Android studio",https://projects.co.id/public/browse_projects/view/71331d/aplikasi-z-v10-jasa-suruhan-sekolah,"Rp 5,000,000 - 10,000,000",,35 hari,"BRIEF PROJECT: Aplikasi GIDIG v1.0 - Jasa Suruhan Sekolah1. Gambaran Umum  GIDIG adalah aplikasi jasa suruhan ringan untuk area SD/SMP. User utama: Ortu murid. Worker: Kakak kelas SMP/SMA disebut ""Walker"".   Konsep: Kayak Gojek tapi khusus suruhan ringan radius 1km dari sekolah. Bayar QRIS/Cash.   Target v1.0: Launch ke 1 sekolah dulu, 100 user + 10 worker.2. Alur Utama yang Wajib Ada  User/Ortu: ",active
projects.co.id,Pemasaran & Periklanan,SEO,part time flutter sistem gaji bulanan,2500000,30,82.0,Flutter,https://projects.co.id/public/browse_projects/view/55311d/part-time-flutter-sistem-gaji-bulanan,"Rp 2,000,000 - 3,000,000",,30 hari,"kami aplikasi developer yang sudah mempunya template komplit membutuhkan tim part time bidang apps flutter, tugasnya tambah fitur dan design sesuai permintaan customer dengan memakai template / apliksi flutter yang sudah ada, dan pernah upload ios di apple store dan android di playstore, silahkan bid sertakan dengan portofolio minimal pengalaman 2 tahun di bidang flutter  sistem kerja 4jam/sehari,",active
projects.co.id,Visual & Audio,Audio Video Photo,(Jakarta-only) Jasa Pembuatan 4 Video Konten Instagram Islami � As-S?biq?n x Mukminun.id,3000000,180,21.0,"Affiliate Marketing, Social Media Marketing (SMM), Sales and Marketing, Marketing Strategy, Video Editing, Video Production, Content Management System (CMS), Content Writer, Video Animation, Social Media",https://projects.co.id/public/browse_projects/view/d1381d/jakarta-only-jasa-pembuatan-4-video-konten-instagram-islami-as-sgbiqgn-x-mukminunid,"Rp 1,000,000 - 5,000,000",,180 hari,"Kami membutuhkan freelancer untuk membantu pembuatan konten video pendek Instagram bertema Islami untuk brand As-Sābiqūn x   Mukminun.id  .    Konten akan digunakan untuk media sosial Instagram.         🎯 PEKERJAAN YANG DIBUTUHKAN    Freelancer diminta membuat:   
  16 video pendek (Reels)  
  Durasi sekitar 30–60 detik  
  Format vertikal (9:16)  
  Siap upload ke Instagram  
   Tema konten:   
 ",active
projects.co.id,Visual & Audio,Audio Video Photo,Butuh Video Reels/Ads Meta untuk Jasa Legalitas & Pajak (Durasi 15�30 Detik),225000,7,23.0,"Video Editing, Video Production, Adobe After Effects, Adobe Premiere",https://projects.co.id/public/browse_projects/view/89381d/butuh-video-reelsads-meta-untuk-jasa-legalitas-amp-pajak-durasi-1530-detik,"Rp 150,000 - 300,000",,7 hari,Saya sedang mencari freelancer untuk membuat video pendek (Reels / Facebook Ads) dari materi gambar yang sudah tersedia.  📌 Detail Project:    Durasi video: 15–30 detik      Format: Vertical (9:16)    Tujuan: Iklan Meta Ads (Facebook & Instagram)    Target market: UMKM & pengusaha di Kalimantan    🎯 Konsep Video:    Opening hook (menarik perhatian)    Highlight masalah: ribet urus legalitas & paja,active
projects.co.id,Visual & Audio,Audio Video Photo,Pembuatan Video Reels / Tiktok + Talent,750000,15,44.0,"Video Editing, Video Production, Social Media",https://projects.co.id/public/browse_projects/view/a0361d/pembuatan-video-reels-tiktok-talent,"Rp 750,000 - 750,000",,15 hari,"Halo workers, saya butuh video konten untuk sosmed usaha. Diutamakan worker yg biasa membuat video konten & pernah viral.  Share portfolionya ya..  Kriteria Video :  - Durasi 1 Menitan  - Ide & Materi dari kami, sesuai dengan yg lagi trend  - Total butuh 15 Video  Silahkan bid ya Video EditingVideo ProductionSocial Media",active
projects.co.id,Visual & Audio,Audio Video Photo,Freelance Video Editor di Bali,80000,7,33.0,"Video Editing, Video Production, Video Animation",https://projects.co.id/public/browse_projects/view/17351d/freelance-video-editor-di-bali,"Rp 50,000 - 110,000",,7 hari,"Kami sedang mencari freelance video editor yang kreatif dan inovatif untuk membuat konten media sosial (Instagram Reels & TikTok) . Fokus konten adalah seputar edukasi teknologi, coding, dan tips gadget yang dikemas secara seru dan menarik.   Spesifikasi & Deskripsi Pekerjaan:     Mengedit video pendek dengan durasi 60-90 detik.    Menambahkan subtitle/captions yang dinamis, sound effect, dan tran",active
projects.co.id,Visual & Audio,Audio Video Photo,Dicari Video Creator � Video Promosi Layanan Hosting (9:16),145000,7,22.0,Video Production,https://projects.co.id/public/browse_projects/view/2b361d/dicari-video-creator-video-promosi-layanan-hosting-916,"Rp 140,000 - 150,000",,7 hari,"Saya mencari  video creator  untuk membuat video promosi yang menyasar UMKM dan pemula yang ingin punya website tapi masih ragu karena takut biayanya mahal. Video harus terasa relatable, ringan, dan persuasif.   Poin yang WAJIB disampaikan dalam video:     ""Bikin website itu nggak harus mahal!""    Modal mulai   Rp100 ribuan   sudah bisa dapat hosting 1 tahun di Gapurahoster.co.id    Cocok untuk: t",active
projects.co.id,Visual & Audio,Audio Video Photo,"Dicari Video Creator � Video Promosi Reseller Hosting (9:16, 60 Detik+)",145000,7,6.0,Video Production,https://projects.co.id/public/browse_projects/view/25361d/dicari-video-creator-video-promosi-reseller-hosting-916-60-detik,"Rp 140,000 - 150,000",,7 hari,Halo! Saya sedang mencari  video creator  yang bisa membuat video promosi untuk layanan  Reseller Hosting  di Gapurahoster.co.id.   Poin yang WAJIB disampaikan dalam video:     Apa itu reseller hosting dan peluang bisnisnya    Keunggulan program reseller Gapurahoster:    ✅ Gratis billing sistem — tidak perlu bayar WHMCS atau billing tambahan    ✅ Gratis akun reseller domain — bisa jual domain ke p,active
projects.co.id,Visual & Audio,Audio Video Photo,"Freelance Content Editor (IG, TikTok, YouTube Shorts) � Travel Project Yolo52",6500000,30,62.0,"Animation, Multimedia, Video Editing, Content Writer, Social Media",https://projects.co.id/public/browse_projects/view/c5351d/freelance-content-editor-ig-tiktok-youtube-shorts-travel-project-yolo52,"Rp 5,000,000 - 8,000,000",,30 hari,"Deskripsi Project  Kami sedang mencari  Content Editor / Video Editor kreatif  untuk membantu mengolah konten perjalanan (travel project Yolo52) menjadi konten yang menarik, seru, dan tidak membosankan untuk platform:   Instagram Reels  TikTok  YouTube Shorts   Project ini berfokus pada storytelling perjalanan (road trip) selama 30 hari, dengan tujuan menghasilkan konten yang engaging dan berpoten",active
projects.co.id,Visual & Audio,Audio Video Photo,Membuat 4 video short untuk YouTube bertema Ronaldo & Messi,225000,3,83.0,"Video Editing, Video Production, Video Animation",https://projects.co.id/public/browse_projects/view/a4331d/membuat-4-video-short-untuk-youtube-bertema-ronaldo-amp-messi,"Rp 200,000 - 250,000",,3 hari,"Halo rekan2,  Saya membutuhkan seseorang yang bisa membuat 4 video short untuk diupload di youtube dengan tema messi, ronaldo, dan/atau persaingan mereka di dunia sepakbola.  Konsep, ediitng style, dll bisa mengikuti beberapa referensi di bawah ini:    1. https://youtube.com/shorts/xTy54ajzsx4?si=Y09uLclIvVC-Fijw  2. https://youtube.com/shorts/aARqm0swLNA?si=vhtvQRQCne47xWj2  3. https://youtube.co",active
projects.co.id,Visual & Audio,Audio Video Photo,"Editing, Mixing, Mastering Music",400000,8,18.0,"Multimedia, Audio Editing, Audio Production, Audio Recorder",https://projects.co.id/public/browse_projects/view/ef331d/editing-mixing-mastering-music,"Rp 300,000 - 500,000",,8 hari,"Melakukan editing track mentah hasil rekaman vocal dan instrumen untuk diperbaiki sepeerti tempo, saturation, dan pitch vocal. melakukan mixing Seluruh track sejumlah kurang lebih 25 track, Melakukan mastering untuk menjadikan audio layak publish MultimediaAudio EditingAudio ProductionAudio Recorder",active
projects.co.id,Visual & Audio,Audio Video Photo,"Content Creator (Female, Non-Hijab) + Affiliate & KOL Manager � Skincare Body Lotion",3250000,35,20.0,"Audio Production, Photography, Video Editing, Video Production, Remote Desktop Assistency, Networking, Reviews, Instagram, Content Writer, Social Media",https://projects.co.id/public/browse_projects/view/b4321d/content-creator-female-non-hijab-affiliate-amp-kol-manager-skincare-body-lotion,"Rp 2,000,000 - 4,500,000",,35 hari,"Kami adalah brand skincare body lotion ber-BPOM yang sedang berkembang dan ingin scale up di TikTok & Instagram 🚀  
  Saat ini kami mencari Content Creator wanita (non-hijab) yang tidak hanya bisa membuat konten, tetapi juga membantu mengelola affiliate & KOL untuk meningkatkan penjualan serta awareness brand.  Scope Pekerjaan:   1. Content Creation (2 hari sekali)   

   
Sistem kerja: 
👉  1 hari",active
projects.co.id,Visual & Audio,Audio Video Photo,Konten kreator untuk di meta ato facebook,475000,10,32.0,Adobe PhotoShop,https://projects.co.id/public/browse_projects/view/5d321d/konten-kreator-untuk-di-meta-ato-facebook,"Rp 250,000 - 700,000",,10 hari,"Saya lagi cari yang bisa buat konten kreator untuk di facebook ato meta untuk menghasilkan sales ato penjualan sehingga dibuat semenarik mungkin, untuk jasa dan produk, ini bisa berulang dan langganan kalo ada yang sudah ahli buat dan terbukti menghasilkan trafik atau penjualan Adobe PhotoShop",active
projects.co.id,Visual & Audio,Audio Video Photo,[LOWONGAN FREELANCE SAMARINDA] Social Media Management,2000000,7,24.0,"CorelDRAW, Video Editing, Video Production, Adobe Indesign, Canva, Video Animation",https://projects.co.id/public/browse_projects/view/5e311d/lowongan-freelance-samarinda-social-media-management,"Rp 1,500,000 - 2,500,000",,7 hari,Perusahaan perumahan terkemuka di Samarinda sedang mencari individu kreatif untuk mengelola branding digital proyek hunian terbaru kami di pusat kota.      Scope of Work (SOW):       6 Video Mirroring (Reels/TikTok).    10 Feed Mirroring (Instagram/Facebook).    6 Design Story & 6 Video Story.       Kualifikasi:        Domisil  i Samarinda   (Diutamakan agar mudah koordinasi/survei lokasi).       ,active
projects.co.id,Visual & Audio,Audio Video Photo,Buat dan Edit video,225000,7,72.0,Video Editing,https://projects.co.id/public/browse_projects/view/bc301d/buat-dan-edit-video,"Rp 150,000 - 300,000",,7 hari,"Hallo Worker,  Saya mencari worker yg ahli dalam membuat ide dan mengedit video singkat hanya 2 menit.   Video pada intinya tentang Hut Sekolah. Kalau bisa tampilkan ide kalian dan kira kira kalian ada gambaran atau ide seperti apa secara singkat. Terimakasih  Polanya seperti reels instagram  Silahkan bid dan berikan portofolio serta no ya Video Editing",active
projects.co.id,Lainnya,Others,"Jasa DevOps - Server Setup, Deployment & CI/CD Pipeline untuk Aplikasi Laravel + Vue.js",2250000,7,21.0,"Linux, Windows Server, Google Cloud Developer, Dev Manager",https://projects.co.id/public/browse_projects/view/e7371d/jasa-devops-server-setup-deployment-amp-cicd-pipeline-untuk-aplikasi-laravel-vuejs,"Rp 2,000,000 - 2,500,000",,7 hari,"Dibutuhkan DevOps Engineer untuk setup server production dan automated deployment.     Scope Pekerjaan:     1. Server Setup & Configuration     - VPS installation & hardening (Ubuntu 24.04)     - Stack installation: Nginx, PHP 8.3, Node.js 20, MySQL 8.0, Redis     - SSL/TLS certificate (Let's Encrypt)     - Firewall configuration (UFW)     - SSH hardening (key-based auth, disable root)     - Fail2",active
projects.co.id,Lainnya,Others,Network Engineer untuk Setup server Onsite di Jakarta,1125000,7,12.0,"Linux, Linux Programming, Networking, Linux Administration, Network Security",https://projects.co.id/public/browse_projects/view/7f361d/network-engineer-untuk-setup-server-onsite-di-jakarta,"Rp 750,000 - 1,500,000",,7 hari,"Diperlukan network engineer untuk setup aplikasi berbasis PHP di daerah kuningan secara onsite, prefer full time freelance untuk join. Prefer yang berpengalaman untuk setup infrastruktur DC, DRC, HA berbasis linux CentOS atau alma linux. LinuxLinux ProgrammingNetworkingLinux AdministrationNetwork Security",active
projects.co.id,Web dan Pemrograman,All,Service Order from itsme_theo:  Jasa Joki Pengisian Kuesioner / Survey Online,50000,1,,"Data Entry, Form Processing, Market Research, Writing, Microsoft Word, Microsoft Excel, Data Mining, Quesioner",https://projects.co.id/public/past_projects/view/88391d/service-order-from-itsmetheo-jasa-joki-pengisian-kuesioner-survey-online,"Rp 50,000","Rp 50,000",1 hari,[ This is a private project. Only invited users can see the description. ] [ Ini adalah private project. Hanya user terundang yang bisa melihat deskripsi. ] Data EntryForm ProcessingMarket ResearchWritingMicrosoft WordMicrosoft ExcelData MiningQuesioner,past
projects.co.id,Lainnya,All,Data Visualization,850000,7,,"Data Analysis, Microsoft Power BI, Data Science, Running",https://projects.co.id/public/past_projects/view/55391d/data-visualization,"Rp 500,000 - 1,000,000","Rp 850,000",7 hari,"Halo,  Saya butuh yang bisa data visualization pake Google Sheets Dashboard.  Pengerjaan 1 minggu, lebih cepat lebih baik.  Berikut contoh data visulisation yang diinginkan.  https://i.gyazo.com/986a69be408c1176747e0d44f4a88187.png  Terima kaish Data AnalysisMicrosoft Power BIData Science",past
projects.co.id,Lainnya,All,Cari Data Bank Indo & China,400000,7,,"Data Entry, Database Programming, Data Analysis, Data Mining, Data Integration, Data Science, Running",https://projects.co.id/public/past_projects/view/2b391d/cari-data-bank-indo-amp-china,"Rp 400,000 - 500,000","Rp 400,000",7 hari,"Mencari data terdiri dari variables: ROA, CAR, NPL, LDR, Bank Size, Cost to Income Ratio (CIR), GDP growth, Interest Rate, Inflation Rate dari 2015-2025, dari bank dibawah ini:
Bank Indo:
-	BCA
-	BNI
-	BRI
-	BSI
-	BTN
-	CIMB Niaga
-	Danamon
-	Mandiri
-	OCBC indonesia
-	Permata

Bank Cina:
-	Agricultural Bank of China
-	Bank of China
-	Bank of Communications
-	China CITIC Bank
-	China Merchants Ban",past
projects.co.id,Web dan Pemrograman,All,Beli akun linkedin,200000,7,,"Data Mining, Reported Done",https://projects.co.id/public/past_projects/view/19391d/beli-akun-linkedin,"Rp 125,000 - 200,000","Rp 200,000",7 hari,[ This is a private project. Only invited users can see the description. ] [ Ini adalah private project. Hanya user terundang yang bisa melihat deskripsi. ] Data Mining,past
projects.co.id,Web dan Pemrograman,All,dicari akun linkedin,192000,7,,"Data Entry, Business Consultation, Market Research, Marketing Strategy, Analysis, Running",https://projects.co.id/public/past_projects/view/f2381d/dicari-akun-linkedin,"Rp 192,000 - 195,000","Rp 192,000",7 hari,Saya sedang mencari akun yang tidak terpakai tapi masih aktif. Punya 30 koneksi atau kurang dari itu juga bisa di tawarkan.  Email aktif. Akunnya tidak kena limit. Minimal pembuatan sudah 1 tahun. Tawarkan ke saya. Rate per-akun 192k Data EntryBusiness ConsultationMarket ResearchMarketing StrategyAnalysis,past
projects.co.id,Grafis & Desain,All,Sticker untuk petshop,100000,3,,"Graphic Design, Adobe Illustrator, Accepted by Owner",https://projects.co.id/public/past_projects/view/dd381d/sticker-untuk-petshop,"Rp 100,000 - 200,000","Rp 100,000",3 hari,"Tolong bikin design sticker untuk interior petshop seperti terlampir. Kirim portfolio design2 yang pernah dikerjakan. Kalau cocok, akan banyak repeat project sejenis. Graphic DesignAdobe Illustrator",past
projects.co.id,Web dan Pemrograman,All,Beli Akun Linkedin 2024,190000,7,,"Data Entry, Data Mining",https://projects.co.id/public/past_projects/view/b6381d/beli-akun-linkedin-2024,"Rp 150,000 - 200,000","Rp 190,000",7 hari,"Jika akun kalian sesuai kriteria silahkan bid :   Lepas email,   Koneksi minimal 25 tidak ada penambahan koneksi selama 10 hari terakhir,   koneksi real bukan hasil gb dari grup  buatan tahun 2024 atau lebih tua,   dibeli, bukan sewa Data EntryData Mining",past
projects.co.id,Web dan Pemrograman,All,"Dibutuhkan Jasa Pindah & Optimasi Website dr file2 sampah, Update & Fix eror, berbasis wordpress",700000,7,,"Website, Wordpress, Website Building, Website Templates, Wordpress Templates, Running",https://projects.co.id/public/past_projects/view/9b381d/dibutuhkan-jasa-pindah-amp-optimasi-website-dr-file2-sampah-update-amp-fix-eror-berbasis-wordpress,"Rp 500,000 - 1,000,000","Rp 700,000",7 hari,Diperioritaskan daerah Tangerang & Sekitaran untuk Meeting Tatap Muka  Pembayaran VIA Projects.co.id  Dibutuhkan Jasa Pindah & Optimasi Website  (Update web & Fix beberapa eror) website berbasis Wordpress. WebsiteWordpressWebsite BuildingWebsite TemplatesWordpress Templates,past
projects.co.id,Lainnya,All,Dicari Virtual Assistant,600000,30,,"Personal Assistant, Administration, Running",https://projects.co.id/public/past_projects/view/74381d/dicari-virtual-assistant,"Rp 500,000 - 1,000,000","Rp 600,000",30 hari,Saya butuh virtual assistant nanti dibayar per project (1 month). Tidak menutup kemungkinan bisa diperpanjang terus kedepannya.  detail pekerjaan nya untuk mencari vendor yang saya butuhkan. Saya ada list 40-50 SKU yang saya butuhkan. Saya minta bantuan untuk cari supplier nya dimana aja coba dicari 5-7 vendor lalu coba kontak ke semua vendor nya dan tanya harga & persyaratan masing2 vendor lalu n,past
projects.co.id,Web dan Pemrograman,All,Service Order from matanerama: Jasa Publish / Upload Aplikasi (.ipa) Ke Appstore,299000,14,,"Mobile Programming, iPhone/iOS, Swift, App Inventor, App Geyser, Appy Pie, Running",https://projects.co.id/public/past_projects/view/4a381d/service-order-from-matanerama-jasa-publish-upload-aplikasi-ipa-ke-appstore,"Rp 299,000","Rp 299,000",14 hari,[ This is a private project. Only invited users can see the description. ] [ Ini adalah private project. Hanya user terundang yang bisa melihat deskripsi. ] Mobile ProgrammingiPhone/iOSSwiftApp InventorApp GeyserAppy Pie,past
projects.co.id,Web dan Pemrograman,All,Pembuatan Konten Iklan,500000,3,,"Video Production, Content Writer, Accepted by Owner",https://projects.co.id/public/past_projects/view/de371d/pembuatan-konten-iklan,"Rp 375,000 - 500,000","Rp 500,000",3 hari,Saya mencari jasa talent untuk membuat video konten yang akan digunakan untuk beriklan.     Bukan hasil AI. video rekam sendiri. ada talent di dalam video (karena akan lebih intouch personal ke calon buyer). lebih baik ada video anaknya juga. tidak juga tidak masalah. Konten JualanEbook tentang anak yang kalau mau makan harus nonton youtube. jadi talent memberi solusi menghadapi abak yang mau maka,past
projects.co.id,Web dan Pemrograman,All,Penulis Konten Medis (Spesialis SEO & AI),1000000,20,,"Search Engine Optimization (SEO), Blog, Wordpress, Running",https://projects.co.id/public/past_projects/view/5e361d/penulis-konten-medis-spesialis-seo-amp-ai,"Rp 500,000 - 1,000,000","Rp 1,000,000",20 hari,"Kami mencari seorang  Content Writer  yang berpengalaman untuk mengelola dan memproduksi konten berkualitas tinggi di bidang medis.   Posisi ini berbasis proyek awal dengan potensi besar untuk menjadi karyawan tetap (long-term) bagi kandidat yang menunjukkan kinerja luar biasa.   Deskripsi Pekerjaan:     Memproduksi konten medis yang akurat, rapi, dan mendalam untuk situs medis yang pakai platform",past
projects.co.id,Lainnya,All,privat job mas hanif,500000,7,,"Arduino, Running",https://projects.co.id/public/past_projects/view/05381d/privat-job-mas-hanif,"Rp 450,000 - 500,000","Rp 500,000",7 hari,"SOURCE CODE ESP 8266
TAMPIL P10            Setting wifi       Ssid = timer_p10      Password = 123456789            Ssid dan password bisa
di ubah , simpan ke spiffs      1x 6 panel        Panel 1-2           Tampilkan jam Dari rtc
ds3231       Tampilkan tanggal Dari
rtc ds3231        Panel 3-4            data dari serial A      data dari serial B      format data dari
serial @12!34      12 adalah",past
projects.co.id,Web dan Pemrograman,All,Pembuatan Website Gudang dengan Realtime Tracking & Barcode Integration,12000000,30,,"Laravel Framework, NodeJS",https://projects.co.id/public/past_projects/view/e4371d/pembuatan-website-gudang-dengan-realtime-tracking-amp-barcode-integration,"Rp 8,000,000 - 12,000,000","Rp 12,000,000",30 hari,"Dibutuhkan developer untuk website manajemen gudang dengan tracking real-time.     Fitur Utama:  - Dashboard real-time (stock, pergerakan barang)  - Master data barang & supplier  - Barang masuk/keluar dengan tracking  - Barcode/QR code integration  - Laporan stock & pergerakan  - User management (role-based)  - Multi-warehouse (jika perlu)     Tech Stack:  - Laravel/Node.js (backend)  - Vue.js/Re",past
projects.co.id,Web dan Pemrograman,All,Dibutuhkan vuejs developer,1000000,7,,"VueJS, Running",https://projects.co.id/public/past_projects/view/ae371d/dibutuhkan-vuejs-developer,"Rp 700,000 - 1,300,000","Rp 1,000,000",7 hari,"Halo,   saya sedang membutuhkan frontend developer yang menguasai tech stack vuejs 3 untuk task optimisation, enhancement dan mengerjakan fitur baru juga. Pekerjaan ini remote dengan scope sbb:     Optimisasi, investigasi bottleneck performance API lambat karena apa kemudian refactoring code supaya lbh mudah di maintain dan mengimplementasikan optimisasi dari sisi frontend   Melakukan enhancement/",past
projects.co.id,Web dan Pemrograman,All,Dibutuhkan fullstack dev,450000,7,,"Laravel Framework, ReactJS, Running",https://projects.co.id/public/past_projects/view/7b371d/dibutuhkan-fullstack-dev,"Rp 400,000 - 600,000","Rp 450,000",7 hari,"Halo,  saya sedang membutuhkan fullstack dev yang menguasai laravel dan next js. adapun scope yang dikerjakan.  1. Mengerjakan module audit trail dan payroll. clean code both be dan fe. menggunakan solid principle untuk backend  2. design table sudah ada namun perlu di analisa  3. dinyatakan selesai jika sudah ditesting dan lolos UAT Laravel FrameworkReactJS",past
projects.co.id,Web dan Pemrograman,All,Redesign Website 3 Halaman � Fokus Animasi High-End (Penggunaan Claude AI Diutamakan),4000000,14,,"Website, Web Design, Website Building, Website Templates, Running",https://projects.co.id/public/past_projects/view/39371d/redesign-website-3-halaman-fokus-animasi-high-end-penggunaan-claude-ai-diutamakan,"Rp 3,000,000 - 5,000,000","Rp 4,000,000",14 hari,"Halo! Kami sedang mencari web developer yang kreatif dan teknis untuk memperbarui (redo) website kami yang saat ini terdiri dari  3 halaman utama .  Tujuan utama kami adalah memberikan penyegaran visual total, dengan fokus khusus pada  animasi di halaman depan (homepage)  agar terlihat modern, interaktif, dan premium.   Spesifikasi Proyek:      Jumlah Halaman:  3 Halaman (Home, Projects, Contact).",past
projects.co.id,Web dan Pemrograman,All,"Service Order from rianyunandar: Jasa Membangun 40 Backlinks EDU, GOV Berkualitas",100000,7,,"Web Research, Internet Marketing, Pay-per-Action Marketing (PPA), Pay-per-Click Marketing (PPC), Search Engine Optimization (SEO), Social Media Marketing (SMM), Sales and Marketing, Marketing Strategy, Website, Website Building, Accepted by Owner",https://projects.co.id/public/past_projects/view/2a371d/service-order-from-rianyunandar-jasa-membangun-40-backlinks-edu-gov-berkualitas,"Rp 100,000","Rp 100,000",7 hari,[ This is a private project. Only invited users can see the description. ] [ Ini adalah private project. Hanya user terundang yang bisa melihat deskripsi. ] Web ResearchInternet MarketingPay-per-Action Marketing (PPA)Pay-per-Click Marketing (PPC)Search Engine Optimization (SEO)Social Media Marketing (SMM)Sales and MarketingMarketing StrategyWebsiteWebsite Building,past
projects.co.id,Pemasaran & Periklanan,All,Membuat 3D Mainan,400000,7,,"AutoCAD, 3D Modelling, 3D Printing, Running",https://projects.co.id/public/past_projects/view/a9361d/membuat-3d-mainan,"Rp 150,000 - 300,000","Rp 400,000",7 hari,"Membuat 3D Mainan      spesikasi projectnya      mainan berupa pesawat  foto & video referensi ada di google drive, link dibawah untuk dicontoh ""dimensinya""   foto & video referensi ada di google drive bukan  dibuat bentuk 3D  jumlah pesawat yg digambar 1  bentuk mainan pesawat yg akan di draw kurleb seperti link google drink dibawah ini  https://docs.google.com/spreadsheets/d/1MKPCdcjPT2ZhC-YAS29",past
projects.co.id,Web dan Pemrograman,All,Service Order from umkmsofficial: Jasa Publish / Upload Aplikasi (.ipa) Ke Appstore,449000,14,,"Mobile Programming, iPhone/iOS, Swift, App Inventor, App Geyser, Appy Pie, Running",https://projects.co.id/public/past_projects/view/1b371d/service-order-from-umkmsofficial-jasa-publish-upload-aplikasi-ipa-ke-appstore,"Rp 449,000","Rp 449,000",14 hari,[ This is a private project. Only invited users can see the description. ] [ Ini adalah private project. Hanya user terundang yang bisa melihat deskripsi. ] Mobile ProgrammingiPhone/iOSSwiftApp InventorApp GeyserAppy Pie,past
projects.co.id,Penulisan & Penerjemahan,All,Service Order from rmgpage: Jasa backlink 300 Blog Comments Dofollow,150000,7,,"Search Engine Optimization (SEO), Reported Done",https://projects.co.id/public/past_projects/view/03371d/service-order-from-rmgpage-jasa-backlink-300-blog-comments-dofollow,"Rp 150,000","Rp 150,000",7 hari,[ This is a private project. Only invited users can see the description. ] [ Ini adalah private project. Hanya user terundang yang bisa melihat deskripsi. ] Search Engine Optimization (SEO),past
projects.co.id,Pemasaran & Periklanan,All,Service Order from rmgpage: 50 PBN Backlinks Powerful Contextual SEO Backlinks on High Quality DA 50,250000,10,,"Search Engine Optimization (SEO), Reported Done",https://projects.co.id/public/past_projects/view/00371d/service-order-from-rmgpage-50-pbn-backlinks-powerful-contextual-seo-backlinks-on-high-quality-da-50,"Rp 250,000","Rp 250,000",10 hari,[ This is a private project. Only invited users can see the description. ] [ Ini adalah private project. Hanya user terundang yang bisa melihat deskripsi. ] Search Engine Optimization (SEO),past
projects.co.id,Penulisan & Penerjemahan,All,Service Order from rmgpage: Jasa backlink 300 Blog Comments Dofollow,150000,7,,"Search Engine Optimization (SEO), Reported Done",https://projects.co.id/public/past_projects/view/fd361d/service-order-from-rmgpage-jasa-backlink-300-blog-comments-dofollow,"Rp 150,000","Rp 150,000",7 hari,[ This is a private project. Only invited users can see the description. ] [ Ini adalah private project. Hanya user terundang yang bisa melihat deskripsi. ] Search Engine Optimization (SEO),past
projects.co.id,Pemasaran & Periklanan,All,Service Order from rmgpage: 50 PBN Backlinks Powerful Contextual SEO Backlinks on High Quality DA 50,250000,10,,"Search Engine Optimization (SEO), Reported Done",https://projects.co.id/public/past_projects/view/fa361d/service-order-from-rmgpage-50-pbn-backlinks-powerful-contextual-seo-backlinks-on-high-quality-da-50,"Rp 250,000","Rp 250,000",10 hari,[ This is a private project. Only invited users can see the description. ] [ Ini adalah private project. Hanya user terundang yang bisa melihat deskripsi. ] Search Engine Optimization (SEO),past
projects.co.id,Lainnya,All,"Google Bussines , google maps di hack",350000,7,,Google Maps,https://projects.co.id/public/past_projects/view/0a361d/google-bussines-google-maps-di-hack,"Rp 200,000 - 300,000","Rp 350,000",7 hari,"Akun google "" indobest money changer"" maps ini  di hack , tolong ambil alih / ubah  1. Mengambil alih / mengganti email di google bisnis ini 2. menghilangkan/menhilangkan  nomer di Pesan me 3.menghilangkan/menhilangkan  nomer di reservasime        Akun tersebut adalah benar merupakan akun sah yang kami miliki,       semua dampak hukum dari pemulihan akun tersebut adalah menjadi tanggungjawab kami ",past
