platform,kategori_utama,sub_kategori,judul_listing,harga,durasi_hari,jumlah_bid,skills,url_listing,budget_raw,accepted_budget_raw,durasi_raw,deskripsi,tipe
projects.co.id,Web dan Pemrograman,Data Entry & Mining,[WTB] Website Traffic Indo - Umur 3 Bln+ - Budget Mulai 500rb (Adsense Banned OK),1250000,7,1.0,"Website, Website Building",https://projects.co.id/public/browse_projects/view/3c3a1d/wtb-website-traffic-indo-umur-3-bln-budget-mulai-500rb-adsense-banned-ok,"Rp 500,000 - 2,000,000",,7 hari,"Lagi cari website yang sudah jalan tapi mau dipindah-tangankan. Syarat simpel:  ✅ Traffic Indo (Wajib lampirkan GSC).  ✅ Umur 3 bulan ke atas.  ✅ Backlink Clean (Bukan bekas web aneh-aneh).  ✅ Adsense Banned? Gak Masalah. Gak perlu akun Adsense.  Harga: Start dari 500rb IDR -2jt (Nego tergantung kualitas & stats).  Punya stok yang gak terurus tapi traffic ada? Daripada expired, mending jadi cash. ",
projects.co.id,Web dan Pemrograman,Data Entry & Mining,UI/UX Upgrade & UX Audit untuk Portal Berita Olahraga speak bola,1500000,21,25.0,"UI Design, UX Design",https://projects.co.id/public/browse_projects/view/eb391d/uiux-upgrade-amp-ux-audit-untuk-portal-berita-olahraga-speak-bola,"Rp 1,000,000 - 2,000,000",,21 hari,"Halo! Saya butuh UI/UX Designer untuk melakukan  upgrade  tampilan website   sbh.co.id  . Target utamanya adalah membuat website terlihat lebih profesional, modern, dan enak dibaca.  ​ Scope:   
 ​Analisis singkat kekurangan UI/UX yang sekarang. 
 ​Desain ulang Homepage & Artikel Page (Desktop & Mobile). 
 ​Fokus pada  user retention  dan navigasi yang simpel. 
  ​ Requirement:   



  
 ​Mahir me",
projects.co.id,Web dan Pemrograman,Data Entry & Mining,api wrapper D A N A - e wallet,6000000,5,14.0,"Android, PHP",https://projects.co.id/public/browse_projects/view/033a1d/api-wrapper-d-a-n-a-e-wallet,"Rp 2,000,000 - 10,000,000",,5 hari,"Halo, saya membutuhkan API Unofficial DANA dengan fitur utama transfer  dan mutasi, untuk programming bebas bisa pakai bahasa apapun, prefer PHP atau NodeJS.  terimakasih. AndroidPHP",
projects.co.id,Web dan Pemrograman,Data Entry & Mining,Redesign website kalkulator,375000,14,41.0,"Logo Design, Web Design, UI Design",https://projects.co.id/public/browse_projects/view/d0391d/redesign-website-kalkulator,"Rp 250,000 - 500,000",,14 hari,"Kami sedang mencari  UI/UX Designer (Project-Based)  berbakat untuk melakukan desain ulang (redesign) pada platform   kalkulatorstunting.net  .  ​Stunting adalah isu serius, dan kami percaya alat bantu yang tepat dapat membuat perbedaan besar. Kami ingin mengubah kalkulator ini menjadi platform yang tidak hanya akurat secara medis, tetapi juga sangat mudah digunakan oleh para orang tua dan tenaga ",
projects.co.id,Web dan Pemrograman,Data Entry & Mining,DICARI JASA SETTING ATN 910-C,325000,7,3.0,.NET Compact Framework,https://projects.co.id/public/browse_projects/view/c7391d/dicari-jasa-setting-atn-910-c,"Rp 150,000 - 500,000",,7 hari,Dicari yang pernah setting atn 910-c untuk switch dikonek an ke mikrotik .NET Compact Framework,
projects.co.id,Web dan Pemrograman,Data Entry & Mining,Pembuatan website pakai wordpress,3250000,14,122.0,"Wordpress, Wordpress Templates",https://projects.co.id/public/browse_projects/view/17381d/pembuatan-website-pakai-wordpress,"Rp 1,500,000 - 5,000,000",,14 hari,Scope : redesign website pkc.co.id  Platform : wordpress.  Style : look and feel mengikuti compro  Menu : sesuai compro.  Target : 2 minggu  Proposa dan penawaran harga dikirimkan. WordpressWordpress Templates,
projects.co.id,Web dan Pemrograman,Data Entry & Mining,Reverse engineering,3500000,7,7.0,"Unreal Engine, Bridge Engineering Structure",https://projects.co.id/public/browse_projects/view/04391d/reverse-engineering,"Rp 2,000,000 - 5,000,000",,7 hari,di cari yang bisa reverse engineering untuk membuat bot game     diutamakan jogja agar komunikasi lancar Unreal EngineBridge Engineering Structure,
projects.co.id,Web dan Pemrograman,Data Entry & Mining,Online Order Form Integrasi Dengan Whatsapp,2250000,7,79.0,Order Processing,https://projects.co.id/public/browse_projects/view/bf381d/online-order-form-integrasi-dengan-whatsapp,"Rp 1,500,000 - 3,000,000",,7 hari,"Kami sedang mencari  jasa pembuatan online order form  dengan kebutuhan sebagai berikut:  
 
Formulir harus dapat  terintegrasi langsung dengan WhatsApp  (misalnya hasil input otomatis terkirim ke nomor/admin WhatsApp).
 
 
Desain dan struktur form perlu  mengikuti format formulir order fisik yang sudah ada  (custom, bukan template standar).
 
 
Mendukung field yang cukup kompleks (opsi produk, ku",
projects.co.id,Web dan Pemrograman,Data Entry & Mining,[Relist] Membuat Website Spesifikasi Ponsel,2250000,30,124.0,"JavaScript, PHP, Web Design, Web Scrapping",https://projects.co.id/public/browse_projects/view/242f1d/relist-membuat-website-spesifikasi-ponsel,"Rp 1,500,000 - 3,000,000",,30 hari,"Hi Freelancer,  Kali ini saya perlu bantuan anda untuk pembuatan web spesifikasi ponsel.  Referensi: https://www.gsmarena.com/  Tidak perlu fitur blog. Ada page untuk term and use, privacy, contact us Ada banner image/code adsense untuk iklan, sehingga perlu space di webnya Ada popup cookie policy, biasa adsense mensyaratkan itu.   Tech stack  Leaf MVC,  https://leafphp.dev/docs/mvc/ . G populer, ",
projects.co.id,Web dan Pemrograman,Data Entry & Mining,perbaikan eror login web laravel,200000,7,99.0,"Web Research, Web Programming, Website, Web Design, Website Building, Website Templates, Web Scrapping",https://projects.co.id/public/browse_projects/view/a4381d/perbaikan-eror-login-web-laravel,"Rp 100,001 - 300,000",,7 hari,saya perlu di bantu perbaikan minor login registrasi web laravel Web ResearchWeb ProgrammingWebsiteWeb DesignWebsite BuildingWebsite TemplatesWeb Scrapping,
projects.co.id,Web dan Pemrograman,Data Entry & Mining,Remote dev untuk backend mobile app,3000000,60,47.0,NodeJS,https://projects.co.id/public/browse_projects/view/1d381d/remote-dev-untuk-backend-mobile-app,"Rp 2,000,000 - 4,000,000",,60 hari,"Halo,  Saya sedang membutuhkan backend developer untuk develop aplikasi dari 0 dengan tech stack NodeJs + NestJs. Adapun aplikasi yang di develop core nya attendance, leave, update work progress, loan, payslip. Timeline project ini 1-2 bulan max, jadi dibutuhkan developer yg komitmen.  Scope:  1. Berhubung database sudah ada, palingan adjustment yg diperlukan untuk mobile app. Ajukan ERD yg dibutu",
projects.co.id,Web dan Pemrograman,Data Entry & Mining,Dibutuhkan backend developer,2600000,30,62.0,Laravel Framework,https://projects.co.id/public/browse_projects/view/0b381d/dibutuhkan-backend-developer,"Rp 2,000,000 - 3,200,000",,30 hari,"Dibutuhkan backend developer dengan tech stack Laravel 12/13 menguasai SOLID principle untuk mengerjakan API mobile dimana aplikasi yg di develop HRIS untuk module absensi, event, notification, employee points, cek payslip, kasbon.  Scope nya:     Membuat api yang dibutuhkan untuk mobile. Arsitektur database sudah ada (boleh diskusi untuk revisi).  Endpoint yang dibuat sudah include unit testing &",
projects.co.id,Web dan Pemrograman,Data Entry & Mining,Pembuatan website sekolah,2000000,28,191.0,Wordpress,https://projects.co.id/public/browse_projects/view/fc371d/pembuatan-website-sekolah,"Rp 1,000,000 - 3,000,000",,28 hari,"Tinggal pakai,admin tinggal login dan posting,sudah include domain-hosting Wordpress",
projects.co.id,Web dan Pemrograman,Data Entry & Mining,Pembuatan beberapa halaman DEX berbasis webapp sebagai mockup,750000,1,30.0,Android,https://projects.co.id/public/browse_projects/view/02381d/pembuatan-beberapa-halaman-dex-berbasis-webapp-sebagai-mockup,"Rp 500,000 - 1,000,000",,1 hari,Seperti titel. Perlu di kerjakan dalam sehari  Pembuatan beberapa halaman DEX wallet berbasis webapp sebagai mockup  Perlu bisa di akses layaknya sebagai android app dan akan di buat menyerupai DEX wallet tertentu Android,
projects.co.id,Web dan Pemrograman,Data Entry & Mining,Developed Organization & Job Attributed Fitur (Laravel & SQL Server),750000,7,42.0,"PHP, Laravel Framework, SQL Server, ReactJS",https://projects.co.id/public/browse_projects/view/c3371d/developed-organization-amp-job-attributed-fitur-laravel-amp-sql-server,"Rp 500,000 - 1,000,000",,7 hari,"Untuk pengembangan fitur  Organization & Job Design .  Adapun ruang lingkup pekerjaan meliputi:   Pengembangan  Organization & Job Attribute (Data Master) , mencakup:  Organization  Position  Job Level  Location  Employee Status  Additional Group    Pengembangan backend system menggunakan  PHP Laravel   Pengelolaan database menggunakan  SQL Server   Implementasi UI menggunakan  Metronic Template  ",
projects.co.id,Web dan Pemrograman,Data Entry & Mining,"Pendaftaran & Mengerjakan 1x Tes Kualifikasi Coding Online (Durasi 1,5 Jam)",150000,31,8.0,"Programming, Data Science",https://projects.co.id/public/browse_projects/view/ba371d/pendaftaran-amp-mengerjakan-1x-tes-kualifikasi-coding-online-durasi-15-jam,"Rp 125,000 - 175,000",,31 hari,Halo rekan-rekan freelancer projects.co.id!    Saya membutuhkan jasa 1 orang  Senior Programmer/Coder  berpengalaman untuk melakukan registrasi dan menyelesaikan  1 (satu) buah tes kualifikasi (Assessment Test)  di suatu perusahaan luar negeri. Pendaftaran wajib dilakukan melalui link undangan yang akan saya berikan kepada  worker  terpilih.      1. To do   Pekerjaan ini hanya dilakukan 1x (satu k,
projects.co.id,Web dan Pemrograman,Data Entry & Mining,Pengembangan Website,3000000,30,151.0,"Data Entry, Web Research, Database Programming, Web Programming, Website, Web Design, Website Building, Website Templates, Laravel Framework, Web Scrapping",https://projects.co.id/public/browse_projects/view/49361d/pengembangan-website,"Rp 2,000,000 - 4,000,000",,30 hari,Pekerjaan     Membuat Halaman Homepage Hingga Pembayaran Produk (UI UX Modern & Mobile Friendly)      Integrasi   Terintegrasi Dengan Backend Existing (Inventory Stock)  Terintegrasi Dengan Payment Gateway + Cek Ongkir Otomatis   Fitur Utama    Produk Ready : Bisa lansgung cekout  Produk Preorder : Preorder dari Catalog (Proses 7-15 Hari) Seperti Marketplace Sistem PO  Website harus terintegrasi d,
projects.co.id,Web dan Pemrograman,Data Entry & Mining,Dibutuhkan Frontend Dev,1250000,7,54.0,"ReactJS, VueJS",https://projects.co.id/public/browse_projects/view/27371d/dibutuhkan-frontend-dev,"Rp 1,000,000 - 1,500,000",,7 hari,"Halo,  saya sedang membutuhkan frontend developer yang menguasai tech stack vuejs 3 dan nextjs untuk task optimisation, enhancement dan mengerjakan fitur baru juga. Pekerjaan ini remote dengan scope sbb:  1. Optimisasi, investigasi bottleneck performance API lambat karena apa kemudian refactoring code supaya lbh mudah di maintain dan mengimplementasikan optimisasi dari sisi frontend   2. Melakukan",
projects.co.id,Web dan Pemrograman,Data Entry & Mining,memperbaiki redirect domain,250000,7,48.0,"Web Research, Web Programming, Website, Web Design, Website Building, Website Templates, Web Scrapping",https://projects.co.id/public/browse_projects/view/f7361d/memperbaiki-redirect-domain,"Rp 200,000 - 300,000",,7 hari,saya perlu orang untuk memperbaiki redirect domain dan memindahkan sebagian data web yang masih eror Web ResearchWeb ProgrammingWebsiteWeb DesignWebsite BuildingWebsite TemplatesWeb Scrapping,
projects.co.id,Web dan Pemrograman,Data Entry & Mining,Menaikkan Rating website wordpress dari E ke A pada gtmetrix.com,275000,7,26.0,"Wordpress, Wordpress Templates",https://projects.co.id/public/browse_projects/view/e5361d/menaikkan-rating-website-wordpress-dari-e-ke-a-pada-gtmetrixcom,"Rp 150,000 - 400,000",,7 hari,"bisa menaikkan rating web dari E ke A pada https://gtmetrix.com/ dan mengisi konten secara dengan desain kreatif , isi konten materi bebas  PEKERJAAN DINAYATAKAN SELESAI DONE JIKA RATING WEBSITE saya di GTMETRIX menjadi NILAI A dan masa load website  menjadi maksimal 2 detik WordpressWordpress Templates",
projects.co.id,Web dan Pemrograman,Data Entry & Mining,Python Programmer (Remote),4250000,7,44.0,"Python, Machine Learning, Artificial Intelligence",https://projects.co.id/public/browse_projects/view/9d361d/python-programmer-remote,"Rp 3,500,000 - 5,000,000",,7 hari,"Halo semuanya,  Saat ini kami sedang membutuhkan  Python Programmer (Remote)  untuk bergabung dalam tim kami secara remote. Posisi ini cocok untuk Anda yang ingin bekerja dengan jam kerja fleksibel namun tetap produktif.      Detail Pekerjaan:   Waktu kerja: 40 jam per minggu (8 jam/hari, Senin–Jumat, jam fleksibel) Tipe kerja: Remote (bisa dari mana saja)      Lingkup Kerja:      Mengembangkan da",
projects.co.id,Web dan Pemrograman,Data Entry & Mining,Remote backend developer,1150000,7,66.0,"Laravel Framework, VueJS",https://projects.co.id/public/browse_projects/view/6d361d/remote-backend-developer,"Rp 800,000 - 1,500,000",,7 hari,"Halo,  saya sedang membutuhkan backend developer yang menguasai tech stack Laravel dan Vuejs 3. Pekerjaan ini akan dibayar bulanan sesuai dengan budget yg tertera. Adapun task yang dikerjakan sbb:  1. Optimisation backend/frontend meliputi API performance, indexing, query, cache, queue, dll.  2. Menguasai SOLID principle untuk backend laravel.   3. Mengerjakan task enhancement ataupun fitur baru, ",
projects.co.id,Web dan Pemrograman,Data Entry & Mining,Business Analyst Support,4500000,7,29.0,"Business Analysis, Business Service",https://projects.co.id/public/browse_projects/view/86351d/business-analyst-support,"Rp 3,000,000 - 6,000,000",,7 hari,Kami memerlukan business analyst support yang bisa membantu pembuatan dokumentasi dan proses analisa kebutuhan pelanggan untuk industri multifinance. Project adalah pengembangan aplikasi CRM untuk mengelola data nasabah. Kami prefer freelance yang bisa onsite di Jakarta selama 2-3 hari dan ada pengalaman untuk implementasi CRM. Kami membutuhkan segera untuk bisa bantu di bulan April. Nantinya akan,
projects.co.id,Web dan Pemrograman,Data Entry & Mining,Membuat plugin PPOB,875000,30,19.0,".NET Framework, Phyton",https://projects.co.id/public/browse_projects/view/80351d/membuat-plugin-ppob,"Rp 750,000 - 1,000,000",,30 hari,Saya membutuhkan freelance yang bisa membantu saya untuk membuatkan plugin PPOB yang terhubung ke rajabiller / server pulsa otomax   Silahkan bergabung dalam project ini hanya bagi yang sudah berpengalaman saja   Info lebih lanjut via wa sertakan no wa kalian buat komunikasi lebih mudah .NET FrameworkPhyton,
projects.co.id,Web dan Pemrograman,Data Entry & Mining,Dibutuhkan NextJs developer,500000,7,78.0,ReactJS,https://projects.co.id/public/browse_projects/view/6e351d/dibutuhkan-nextjs-developer,"Rp 400,000 - 600,000",,7 hari,"Halo,  saya sedang membutuhkan nextjs developer untuk frontend dengan scope sbb:   1. Melakukan fixing design template dimana ada yg belum diimplemen dan kurang sesuai seperti warna, butuh di adjust.   2, Membuatkan design compro modern tapi simple nextjs include ada list job nya sama bs upload cv (tidak perlu register, login) ReactJS",
projects.co.id,Web dan Pemrograman,Game Programming,Bikin excel buat nota ada tanggal dan no urut,125000,2,125.0,Microsoft Excel,https://projects.co.id/public/browse_projects/view/b5391d/bikin-excel-buat-nota-ada-tanggal-dan-no-urut,"Rp 100,001 - 150,000",,2 hari,halo semua freelancer saya ada project buat bikin excel sederhana untuk nota toko syarat nya harus bisa otomatis ada tanggal hari itu  tapi tidak perlu jam hanya tanggal dan juga no urut 4 digit misal 0001 awal nya ukurannya A4 di bagi 2 yg atas tidak perlu ada tulisan copy yg bawah nya baru ada tulisan copy maksudnya itu copy an yg atas nya Microsoft Excel,
projects.co.id,Web dan Pemrograman,Game Programming,Instalasi Windows Server 2022 & Domain Controller Active Directory,750000,7,13.0,"Windows, Windows Server, ActiveDirectory",https://projects.co.id/public/browse_projects/view/2e391d/instalasi-windows-server-2022-amp-domain-controller-active-directory,"Rp 500,000 - 1,000,000",,7 hari,Dibutuhkan Freelancer pembuatan domain controller active directory menggunakan windows server 2022 dari awal instalasi sampai implementasi ke komputer dan laptop user WindowsWindows ServerActiveDirectory,
projects.co.id,Web dan Pemrograman,Game Programming,Di cari dokumen BRD untuk project contrak menegemen system,3000000,10,18.0,"PostgreSQL, Golang, VueJS",https://projects.co.id/public/browse_projects/view/78371d/di-cari-dokumen-brd-untuk-project-contrak-menegemen-system,"Rp 1,000,000 - 5,000,000",,10 hari,Saat ini kami membutuhkan dokumen lengkap untuk pengembangan aplikasi Contract Management System (CMS) atau aplikasi yang siap dan tinggal pakai sehingga tidak perlu pengembangan kembali atau yang siap untuk langsung dikembangkan oleh tim developer. Adapun kebutuhan kami meliputi: Business Requirement Document (BRD) System Requirement / Functional Requirement Alur workflow kontrak (end-to-end) Str,
projects.co.id,Web dan Pemrograman,Game Programming,report urgent,250000,7,17.0,"Administrative Support, Microsoft PowerPoint, Microsoft Word, Microsoft Excel",https://projects.co.id/public/browse_projects/view/77351d/report-urgent,"Rp 200,000 - 300,000",,7 hari,"Membantu buat report. Sekitar tebet/kasablanka. Mahir word, excel, dan ppt.  Hrs ktemu di tempat kopi. Waktu minimal 1jam. Administrative SupportMicrosoft PowerPointMicrosoft WordMicrosoft Excel",
projects.co.id,Web dan Pemrograman,Game Programming,Setting Margin Default pada xprinter,150000,3,12.0,"Firmware Programming, Windows Programming",https://projects.co.id/public/browse_projects/view/f3341d/setting-margin-default-pada-xprinter,"Rp 100,001 - 200,000",,3 hari,"Ada tambahan watermark pada setting an printer xprinter, sehingga pada hasil cetakan tumpuk dengan watermark.      Setingan sesuai contoh gambar yang bawah itu yang diinginkan dengan margin bottom 4mm,    Namun setiap ngeprint harus selalu setting margin 4mm,       Tolong settingkan agar hasil cetakan tidak menumpuk Antara print out dengan watermark  dengan margin tersebut sebagai default, jadi se",
projects.co.id,Grafis & Desain,Layout Logo Graphic,Rebranding & Desain Logo Baru untuk Portal Berita Sepak Bola (sbh.co.id),300000,7,28.0,Logo Design,https://projects.co.id/public/browse_projects/view/2d3a1d/rebranding-amp-desain-logo-baru-untuk-portal-berita-sepak-bola-sbhcoid,"Rp 100,000 - 500,000",,7 hari,"Kami mencari desainer logo berbakat untuk menciptakan identitas visual baru bagi   sbh.co.id  , sebuah portal berita yang berfokus pada dunia sepak bola. Kami menginginkan logo yang modern, dinamis, dan memiliki karakter kuat yang merepresentasikan semangat olahraga.  ​ Kebutuhan Desain:   
 ​ Karakter:  Sporty, profesional, berenergi, dan  memorable . 
 ​ Penggunaan:  Logo harus terlihat bagus di",
projects.co.id,Grafis & Desain,Layout Logo Graphic,Pembuatan Ebook Menggunakan Canva,210000,4,89.0,"ebook, Canva",https://projects.co.id/public/browse_projects/view/b8391d/pembuatan-ebook-menggunakan-canva,"Rp 195,000 - 225,000",,4 hari,"Saya butuh jasa untuk membuat ebook menggunakan Canva sudah cukup.  Saya sudah ada draft ebook nya dalam bentuk Word, Anda tinggal tuang semua tulisan di Word itu ke dalam desain yang Anda buat di Canva. Jadi sebuah ebook dengan desain yang bagus.  Jadi tugas Anda hanya cari template yang pas di canva dan copy paste tulisan2 saya sehingga ebooknya jadi dan bagus (ebook jadi dan sudah terdesain).  ",
projects.co.id,Grafis & Desain,Layout Logo Graphic,Master Naskah Quran,8500000,90,14.0,"Microsoft Office Publisher, Arabian, Adobe Indesign",https://projects.co.id/public/browse_projects/view/58391d/master-naskah-quran,"Rp 7,000,000 - 10,000,000",,90 hari,"Kami membuka kesempatan untuk membuat  Master Naskah Qur’an  untuk pengerjaan:  
 
Qur’an Original (Arab saja)
 
 
Qur’an Terjemahan
 
 
Format Mushaf Utsmani 15 Baris
 
  Kualifikasi:  
 
Memahami penulisan Mushaf Utsmani
 
 
Teliti dan detail terhadap harakat, tanda baca, waqaf, dan layout ayat
 
 
Berpengalaman dalam editing/layout naskah Al-Qur’an menjadi nilai plus
 
 
Mampu menggunakan softw",
projects.co.id,Grafis & Desain,Layout Logo Graphic,Brand & Packaging Designer (Healthy Food Brand),1500000,30,28.0,"Graphic Design, Logo Design",https://projects.co.id/public/browse_projects/view/3e381d/brand-amp-packaging-designer-healthy-food-brand,"Rp 1,000,000 - 2,000,000",,30 hari,"Deskripsi Pekerjaan  Tentang Brand Kami  Purely Made adalah brand makanan sehat premium yang akan launching Juli 2026. Estetika brand kami terinspirasi dari Aesop dan apothecary tradisional — tenang, premium, considered. Bukan brand yang loud atau cartoonish.  Brand colors: Espresso (#3E2E1E), Cocoa (#5A4A3A), Tobacco (#8B6B3A), Foil Gold (#D4A574), Cream (#F7F3E9), Sage (#9CAF88).  Tone: Minimal,",
projects.co.id,Grafis & Desain,Layout Logo Graphic,Pembuatan Desain Packaging Pasta Gigi (Tube dan Box),375000,3,103.0,Graphic Design,https://projects.co.id/public/browse_projects/view/9b331d/pembuatan-desain-packaging-pasta-gigi-tube-dan-box,"Rp 250,000 - 500,000",,3 hari,hi saya lagi cari yang bisa bantu desain packaging pasta gigi (tube dan box)  jadi ada 2 tipe. 1 tipe nya (1 tube dan 1 box). jadi total desain 2 tube dan 2 box  untuk yang bisa ajukan portfolio dan no wa nya ya   saya hubungi  thx Graphic Design,
projects.co.id,Grafis & Desain,Layout Logo Graphic,Membuat tema untuk profile di website profilix.id,3000000,30,42.0,NodeJS,https://projects.co.id/public/browse_projects/view/81321d/membuat-tema-untuk-profile-di-website-profilixid,"Rp 3,000,000 - 3,000,000",,30 hari,"Kami sedang mencari pembuat tema (developer) untuk mengerjakan pembuatan 100 tema di platform  Profilix .   Profilix  adalah platform yang memudahkan pembuatan website portofolio bisa membuat portfolio cepat tanpa perlu skill coding, dengan sistem yang sudah disiapkan sehingga user tinggal memilih tema dan mengisi konten.     Tema yang dibuat akan digunakan untuk website portofolio, sehingga perlu",
projects.co.id,Grafis & Desain,Layout Logo Graphic,Pembuatan Undangan Pernikahan Menggunakan CorelDraw,150000,7,69.0,CorelDRAW,https://projects.co.id/public/browse_projects/view/42321d/pembuatan-undangan-pernikahan-menggunakan-coreldraw,"Rp 100,000 - 200,000",,7 hari,"Halo, saya sedang mencari designer untuk membantu pembuatan  desain undangan pernikahan menggunakan CorelDRAW .  Detail project:   Konsep, ukuran, warna, dan referensi design akan saya sediakan  Designer hanya perlu mengeksekusi design sesuai brief  Hasil akhir harus rapi, siap cetak, dan sesuai dengan referensi yang diberikan   Kebutuhan:   Menggunakan  CorelDRAW   Memahami layout undangan (depan",
projects.co.id,Grafis & Desain,Layout Logo Graphic,Bikin 1 Poster dan 1 Video,150000,7,193.0,"Design Arts, Video Production",https://projects.co.id/public/browse_projects/view/64281d/bikin-1-poster-dan-1-video,"Rp 100,001 - 200,000",,7 hari,Halo Kak  Kami sedang mencari editor untuk membikin poster dan video tentang konser  Terima kasih Design ArtsVideo Production,
projects.co.id,Pemasaran & Periklanan,Internet Marketing,Worker Untuk Video Animasi Topik Saham,400000,7,12.0,"Animation, 3D Animation, Video Animation",https://projects.co.id/public/browse_projects/view/22391d/worker-untuk-video-animasi-topik-saham,"Rp 300,000 - 500,000",,7 hari,Saya membutuhkan worker yang mampu membuat video animasi shorts seperti vodeo animasi kurzegazt di youtube dnegan rasio 16:9  Jumlah video 1  Topik storytelling saham  Durasi video kurang dari 3 menit Animation3D AnimationVideo Animation,
projects.co.id,Pemasaran & Periklanan,Internet Marketing,Dibutuhkan Illustrator/3D Artist untuk Aset Gambar Digital Yang Detail & Realistis,250000,3,11.0,"Adobe PhotoShop, Adobe Illustrator, Blender, 3ds Max, 3D Rendering",https://projects.co.id/public/browse_projects/view/29381d/dibutuhkan-illustrator3d-artist-untuk-aset-gambar-digital-yang-detail-amp-realistis,"Rp 150,000 - 350,000",,3 hari,"Kami sedang mengembangkan produk digital yang membutuhkan aset visual berkualitas tinggi, dengan elemen-elemen grafis yang detail, realistis, dan presisi secara visual.  Untuk tahap awal, kami mencari freelancer yang bisa mengerjakan 1–2 aset dulu sebagai test project. Jika hasilnya sesuai, kami terbuka untuk kerja sama jangka panjang.  Skill yang dibutuhkan:  - Adobe Illustrator dan/atau Photosho",
projects.co.id,Pemasaran & Periklanan,Internet Marketing,GAMBAR arsitektur 3D + Gambar Kerja + BOQ (KELAPA GADING),3500000,7,20.0,"Risk Analysis, Architecture, 3D Architecture, SweetHome 3D, 3D Modelling, Unity 3D, 3D Rendering, 3D Render Artlantis, RAB (Rencana Anggaran Biaya)",https://projects.co.id/public/browse_projects/view/c0371d/gambar-arsitektur-3d-gambar-kerja-boq-kelapa-gading,"Rp 2,500,000 - 4,500,000",,7 hari,"Ukuran Bengkel mobil 27m x 46m (Kelapa gading-Jak-ut)  1. TUJUAN DESAIN Membangun bengkel dengan konsep: - Industrial modern - Low cost - Semi permanent - Fokus fungsi, alur kerja efisien, rapi, dan mudah dibangun - Desain harus realistis & buildable, bukan sekadar cantik > Bangunan akan digunakan jangka 15th, jadi harus kuat secara fungsi, walau hemat biaya.   2. DATA UMUM BANGUNAN - Lokasi: Kela",
projects.co.id,Pemasaran & Periklanan,Internet Marketing,Membuat Video Motion Grafish,8500000,25,45.0,"Adobe After Effects, Video Animation",https://projects.co.id/public/browse_projects/view/9e331d/membuat-video-motion-grafish,"Rp 7,000,000 - 10,000,000",,25 hari,Saya ingin membuat video untuk menjelakan sutau materi contoh seperti  https://www.youtube.com/watch?v=4hWnbHXVYko https://www.youtube.com/watch?v=ZuHRHv-_KXw  durasi video +- 3 menit pervideo butuh 10 video coba sertakan portofolio kalian.  domisili di utamakan jakarta/ depok/ bogor/bekasi Adobe After EffectsVideo Animation,
projects.co.id,Pemasaran & Periklanan,Internet Marketing,Pembuatan Motion Graphic Flyer Digital untuk Event Club Malam (Style Onyx Makassar),400000,3,17.0,"Graphic Design, Audio Editing, Audio Production, Video Editing, Video Production, Adobe After Effects, Adobe Premiere, Video Animation",https://projects.co.id/public/browse_projects/view/b2311d/pembuatan-motion-graphic-flyer-digital-untuk-event-club-malam-style-onyx-makassar,"Rp 300,000 - 500,000",,3 hari,"Halo, saya mencari Motion Graphic Designer berbahan kreatif untuk membuat flyer video/motion untuk keperluan promosi DJ di club malam.   Ruang Lingkup Pekerjaan:    Membuat 1 file Motion Flyer (durasi 15-30 detik) untuk Instagram Feed/Story.  Desain harus memiliki vibe ""Nightlife"" yang mewah, energetik, dan modern.   Referensi Visual:  Saya ingin  style  dan kualitasnya setara dengan motion graphi",
projects.co.id,Pemasaran & Periklanan,SEO,TAWARKAN Kesaya akun Google developer Console (GODEV) Tahun 2023 kebawah..!!,9000000,7,6.0,"Accounting, 3D Animation, 3D Architecture, 3D Modelling, 3ds Max, ActionScript, 3D Rendering, 3D Render Artlantis, 3D Printing, AAA Logo",https://projects.co.id/public/browse_projects/view/83331d/tawarkan-kesaya-akun-google-developer-console-godev-tahun-2023-kebawah,"Rp 3,000,000 - 15,000,000",,7 hari,Dicari Akun Google Play Console Developer GODEV Bekas yang sudah tidak terurus berisi app aktif maupun tidak aktif.         Kebutuhan 1xx Account Google Developer  Max tahun November 2023 ( makin tua makin baik )    Berisi app minimal 1 yang live   Jika ada suspend app masih bisa ditawarkan(harga tidak bisa tinggi)   Dibeli beserta akun email utamanya  Akun wajib sudah terverifikasi Identitas/Id c,
projects.co.id,Pemasaran & Periklanan,SEO,[TURUN HARGA] DICARI akun Google developer Console (GODEV) Tahun 2023 kebawah.,7000000,7,1.0,"Accounting, 3D Animation, 3D Architecture, 3D Modelling, 3ds Max, ActionScript, 3D Rendering, 3D Render Artlantis, 3D Printing, AAA Logo",https://projects.co.id/public/browse_projects/view/e3381d/turun-harga-dicari-akun-google-developer-console-godev-tahun-2023-kebawah,"Rp 2,000,000 - 12,000,000",,7 hari,Dicari Akun Google Play Console Developer GODEV Bekas yang sudah tidak terurus berisi app aktif maupun tidak aktif.      Kebutuhan 1xx Account Google Developer  Max tahun November 2023 ( makin tua makin baik )    Berisi app minimal 1 yang live   Jika ada suspend app masih bisa ditawarkan(harga tidak bisa tinggi)  Tidak ada history Transfer APP(Jika ada boleh di tawarkan tetapi harga tidak bisa tin,
projects.co.id,Pemasaran & Periklanan,SEO,TAWARKAN SEKARANG akun Google developer Console (GODEV) Tahun 2023 kebawah!,9000000,7,2.0,"Accounting, 3D Modelling, 3ds Max, .NET Micro Framework, ActionScript, ActiveDirectory, 3D Rendering, 3D Render Artlantis, 3D Printing, AAA Logo",https://projects.co.id/public/browse_projects/view/3d341d/tawarkan-sekarang-akun-google-developer-console-godev-tahun-2023-kebawah,"Rp 3,000,000 - 15,000,000",,7 hari,Dicari Akun Google Play Console Developer GODEV Bekas yang sudah tidak terurus berisi app aktif maupun tidak aktif.         Kebutuhan 1xx Account Google Developer  Max tahun November 2023 ( makin tua makin baik )    Berisi app minimal 1 yang live   Jika ada suspend app masih bisa ditawarkan(harga tidak bisa tinggi)   Dibeli beserta akun email utamanya  Akun wajib sudah terverifikasi Identitas/Id c,
projects.co.id,Pemasaran & Periklanan,SEO,"Mencari IDE BISNIS, KAMU JADI Project Manager PROFIT SHARING, Untuk SaaS Aplikasi",6500000,7,42.0,"Business Proposals, Business Plans, Mobile Programming, Web Programming, Web Design",https://projects.co.id/public/browse_projects/view/e0381d/mencari-ide-bisnis-kamu-jadi-project-manager-profit-sharing-untuk-saas-aplikasi,"Rp 3,000,000 - 10,000,000",,7 hari,"Halo, saya owner dari  HOBICODE.com , sebuah software house yang saat ini sedang berjalan dan sudah memiliki beberapa produk SaaS. 
 Saat ini saya sedang mencari  orang yang punya ide kreatif  yang bisa membantu menemukan dan mengembangkan  1 ide bisnis digital/SaaS yang potensial , lalu ide tersebut akan kita konversi menjadi produk aplikasi. 
 Tugas utama partner: 
 
 
Mencari dan mengusulkan 1 ",
projects.co.id,Pemasaran & Periklanan,SEO,WTB Rate Tinggi Akun Godev / Google Play Console 2023 kebawah,12500000,7,1.0,"Android, Android studio",https://projects.co.id/public/browse_projects/view/e6381d/wtb-rate-tinggi-akun-godev-google-play-console-2023-kebawah,"Rp 10,000,000 - 15,000,000",,7 hari,Dibeli akun godev tidak terpakai atau yang mau jual kami beli rate tinggi. akun aktif/closed/ atau belum verif kami terima  sudah pernah live app   no transfer app  dicari app yang sedikit suspend  dibeli beserta gmailnya   Akun 2023 kebawah cek akun terlebih dahulu AndroidAndroid studio,
projects.co.id,Pemasaran & Periklanan,SEO,Upload Aplikasi E-Health ke playstore,400000,7,31.0,Flutter,https://projects.co.id/public/browse_projects/view/68381d/upload-aplikasi-e-health-ke-playstore,"Rp 300,000 - 500,000",,7 hari,Mengupload Aplikasi E-Health ke playstore Flutter,
projects.co.id,Pemasaran & Periklanan,SEO,Upload Playstore dan Appstore,1500000,3,16.0,"ReactJS, React Native",https://projects.co.id/public/browse_projects/view/2c381d/upload-playstore-dan-appstore,"Rp 1,000,000 - 2,000,000",,3 hari,Saya butuh jasa upload aplikasi LMS untuk appstore dan playstore.  Maksimal 3hari sudah bisa di test. ReactJSReact Native,
projects.co.id,Pemasaran & Periklanan,SEO,Perbaikan eror flutter agar berjalan ke SDK 6,250000,1,26.0,"Android studio, Flutter",https://projects.co.id/public/browse_projects/view/ed371d/perbaikan-eror-flutter-agar-berjalan-ke-sdk-6,"Rp 200,000 - 300,000",,1 hari,"Butuh bantuan remot , untuk memperbaiki flutter di android studio,  agar soport SDK 6, dan bantu agar scritp pada main.dart bisa di run Android studioFlutter",
projects.co.id,Pemasaran & Periklanan,SEO,Upload Dan publish Aplikasi ke Playstore dan appstore,175000,100,22.0,"Android, iPhone/iOS, Xcode, Android studio",https://projects.co.id/public/browse_projects/view/bb361d/upload-dan-publish-aplikasi-ke-playstore-dan-appstore,"Rp 150,000 - 200,000",,100 hari,Saya ingin cari orang yang bisa membantu saya dalam langkah-langkah mengupload dan publish aplikasi di playstore dan appstore. AndroidiPhone/iOSXcodeAndroid studio,
projects.co.id,Pemasaran & Periklanan,SEO,DICARI: Fullstack Mobile Developer � Aplikasi Micro Drama (Short Video),7500000,30,32.0,"NodeJS, ReactJS, Flutter, React Native",https://projects.co.id/public/browse_projects/view/7c361d/dicari-fullstack-mobile-developer-aplikasi-micro-drama-short-video,"Rp 5,000,000 - 10,000,000",,30 hari,"Kami sedang membangun aplikasi micro drama berbasis short video (durasi 30 detik – 3 menit), mirip konsep TikTok namun khusus konten drama series bersambung. Target pasar utama adalah pengguna Indonesia.  Aplikasi ini dibangun from scratch dengan fitur lengkap: upload & streaming video, sistem episode/series, subscription berbayar, admin panel, dan notifikasi.  FITUR YANG DIBUTUHKAN  - Mobile App ",
projects.co.id,Pemasaran & Periklanan,SEO,BELI GODEV HINGGA TAHUN 2026,2500000,7,2.0,"Mobile Programming, Android, Android studio, Flutter, React Native",https://projects.co.id/public/browse_projects/view/c2331d/beli-godev-hingga-tahun-2026,"Rp 2,000,000 - 3,000,000",,7 hari,"HALLO TEMAN TEMAN SEMUA, BAGI KALIAN YANG PERNAH PUBLISH APP KE PLAYSTORE, PASTI ADA AKUN GODEVNYA.     NAH APABILA TIDAK DIGUNAKAN LAGI DAN KALIAN INGIN JUAL BISA JUAL KE SAYA YA.     SPESIFIKASI AKUN YANG DIBUTUHKAN:   AKUN GODEV 2024-2026 DENGAN APP LIVE 1 / GAGAL TESTER  AKUN GODEV 2023 12 NOVEMBER KE BAWAH DENGAN APP PERNAH LIVE 1 (BOLEH REMOVED, SUSPENDED, UNPUBLISHED)  AKUN GODEV 2023 12 NO",
projects.co.id,Pemasaran & Periklanan,SEO,Hiring IOS Developer - PT Monstera Mitra Teknologi (WFO - Full Time),6500000,7,6.0,"Mobile Programming, Android, iPhone/iOS",https://projects.co.id/public/browse_projects/view/7a351d/hiring-ios-developer-pt-monstera-mitra-teknologi-wfo-full-time,"Rp 6,000,000 - 7,000,000",,7 hari,🚀 WE'RE HIRING: iOS DEVELOPER (WFO) 🚀    PT. Monstera Mitra Teknologi is opening opportunities for those of you who are passionate about the world of mobile development and are ready to grow with our team!     📱 Position: iOS Developer   📍 Placement: Work From Office (WFO)    Qualifications:     • Minimum education of vocational schools in related majors (RPL/TKJ/similar) D3/S1 is prioritized   • ,
projects.co.id,Pemasaran & Periklanan,SEO,Dibutuhkan UI UX,1250000,14,39.0,"UI Design, UX Design",https://projects.co.id/public/browse_projects/view/83351d/dibutuhkan-ui-ux,"Rp 1,000,000 - 1,500,000",,14 hari,Dibuatkan UI UX untuk design desktop dan beberapa interface untuk mobile (responsive) Aplikasi yang akan di buat adalah pengolahan keungan.  Dibutuhkan yang sudah berpengalaman dan mempunyai portfolio. Mohon cantumkan link portfolio. Semua transaksi akan dilakukan melalui projects.co.id  Pengerjaan kurang lebih 7 - 14 hari UI DesignUX Design,
projects.co.id,Pemasaran & Periklanan,SEO,Web based photobooth agar support IOS,750000,7,19.0,"iPhone/iOS, Web Programming, Website, Website Building, NodeJS",https://projects.co.id/public/browse_projects/view/ea341d/web-based-photobooth-agar-support-ios,"Rp 500,000 - 1,000,000",,7 hari,"Hai, beberapa waktu lalu saya buat project aplikasi photobooth lewat sini : https://projects.co.id/user/my_projects/view/fa2b1d/aplikasi-photobooth-self-service  saat ini aplikasi web based ini sudah jalan sempurna lewat browser OS Android, tetapi ingin bisa di IOS saat ini kendala nya printer thermal tersebut tidak mendeteksi, saya lampirkan fotonya. Bagaimana caranya agar bisa support deteksi pr",
projects.co.id,Pemasaran & Periklanan,SEO,dicari reverse engineer apk,475000,4,7.0,"Mobile Programming, Penetration Testing",https://projects.co.id/public/browse_projects/view/5e341d/dicari-reverse-engineer-apk,"Rp 350,000 - 600,000",,4 hari,"halo.. saya perlu bantuan untuk menemukan  algoritma pembentukan payload serta metode enkripsi data dari sebuah request parameter api yang dikirim oleh aplikasi android apk,    dengan menggunakan frida & burp atau semacamnya.   Terima kasih. Mobile ProgrammingPenetration Testing",
projects.co.id,Pemasaran & Periklanan,SEO,Mencari Expert Flutter untuk Mentoring Workflow: AI-Driven Figma to Code & Build Custom AI Agent,2000000,14,11.0,"Cross Platform Programming, Mobile Programming, Android",https://projects.co.id/public/browse_projects/view/3a341d/mencari-expert-flutter-untuk-mentoring-workflow-ai-driven-figma-to-code-amp-build-custom-ai-agent,"Rp 1,000,000 - 3,000,000",,14 hari,"Halo,  Saya mencari seorang Flutter Developer yang sudah berada di level ""modern workflow"" untuk mengajari saya cara membangun aplikasi dengan bantuan AI secara maksimal.  Fokus utama yang ingin saya pelajari adalah:     Automated Slicing:  Menggunakan AI tools (seperti Builder.io, DhiWise, atau plugin AI lainnya) untuk mengonversi desain Figma menjadi kode Flutter yang bersih dan siap pakai.     ",
projects.co.id,Pemasaran & Periklanan,SEO,Butuh Bantuan Upload Aplikasi ke TestFlight (Akun Apple Developer Aktif),750000,7,9.0,iPhone/iOS,https://projects.co.id/public/browse_projects/view/e3331d/butuh-bantuan-upload-aplikasi-ke-testflight-akun-apple-developer-aktif,"Rp 500,000 - 1,000,000",,7 hari,"Halo,  Saya sedang mencari freelancer yang memiliki akun Apple Developer aktif untuk membantu proses upload aplikasi iOS ke TestFlight.  Detail pekerjaan:  Membantu upload file aplikasi (.ipa) ke App Store Connect  Menyiapkan TestFlight hingga aplikasi bisa diakses oleh tester  Durasi tayang di TestFlight: ±7 hari  Tidak termasuk publikasi ke App Store (hanya TestFlight)  Kriteria freelancer:  Mem",
projects.co.id,Pemasaran & Periklanan,SEO,Aplikasi Z v1.0 - Jasa Suruhan Sekolah,7500000,35,86.0,"Android, Android studio",https://projects.co.id/public/browse_projects/view/71331d/aplikasi-z-v10-jasa-suruhan-sekolah,"Rp 5,000,000 - 10,000,000",,35 hari,"BRIEF PROJECT: Aplikasi GIDIG v1.0 - Jasa Suruhan Sekolah1. Gambaran Umum  GIDIG adalah aplikasi jasa suruhan ringan untuk area SD/SMP. User utama: Ortu murid. Worker: Kakak kelas SMP/SMA disebut ""Walker"".   Konsep: Kayak Gojek tapi khusus suruhan ringan radius 1km dari sekolah. Bayar QRIS/Cash.   Target v1.0: Launch ke 1 sekolah dulu, 100 user + 10 worker.2. Alur Utama yang Wajib Ada  User/Ortu: ",
projects.co.id,Pemasaran & Periklanan,Accounting,W T B Akun linkedin,195000,7,15.0,"Data Entry, Business Analysis, Market Research, Marketing Strategy, Analysis",https://projects.co.id/public/browse_projects/view/ca361d/w-t-b-akun-linkedin,"Rp 195,000 - 195,000",,7 hari,Saya sedang mencari akun yang tidak terpakai tapi masih aktif. Punya 30 koneksi atau kurang dari itu juga bisa di tawarkan.  Email aktif. Akunnya tidak kena limit. Minimal pembuatan 2024.. Tawarkan ke saya. Rate untuk per akun 195.000 Data EntryBusiness AnalysisMarket ResearchMarketing StrategyAnalysis,
projects.co.id,Pemasaran & Periklanan,Accounting,"WTB/Dibeli akun adsense 2015 - 2020 minimal PO 10x sepaket blog, tidak kena paid + proxy.",35000000,120,4.0,Google Adsense,https://projects.co.id/public/browse_projects/view/13361d/wtbdibeli-akun-adsense-2015-2020-minimal-po-10x-sepaket-blog-tidak-kena-paid-proxy,"Rp 15,000,000 - 55,000,000",,120 hari,"WTB/Dibeli  akun adsense 2015 - 2020 minimal PO 10x  sepaket blog, tidak kena paid + proxy.  NEED 5-10 akun adsense,  syukur² akun support CSE , budget ready cukup untuk beberapa akun.   PM detail & harganya. Terimakasih! Google Adsense",
projects.co.id,Pemasaran & Periklanan,Accounting,? DIbeli  Akun Playconsole - Google developer/Godev Tahun 2023 -2023 kebawah?,11500000,7,6.0,"Mobile Programming, JavaScript, PHP, Django Framework, Laravel Framework, AngularJS, Android studio, Flutter",https://projects.co.id/public/browse_projects/view/84291d/g-dibeli-akun-playconsole-google-developergodev-tahun-2023-2023-kebawahg,"Rp 8,000,000 - 15,000,000",,7 hari,"Rekan-rekan developer.  saya mencari akun Google Play Console atau Godev , keadaan aktif atau closed krn tidak aktif  umur akun tahun 2023 atau dibawah 2023 sduah pernah publish apss diplaystore, akun siap untuk dijual beserta gmail utamanya  penjual wajib mengikuti persyaratan jual beli     Transaksi dilakukan full di Projects.co.id    transaksi selesai 7 hari setelah pergantian email, dan telp p",
projects.co.id,Pemasaran & Periklanan,Accounting,SALES AGENT/MITRA/FREELANCE/AFFILIATE MARKETING (COMMISSION BASED),7500000,7,12.0,"Internet Marketing, Affiliate Marketing, Email Marketing, Social Media Marketing (SMM), Sales and Marketing, Market Research, Marketing Strategy, Telemarketing",https://projects.co.id/public/browse_projects/view/573a1d/sales-agentmitrafreelanceaffiliate-marketing-commission-based,"Rp 5,000,000 - 10,000,000",,7 hari,"Kami membuka kesempatan bagi Anda yang memiliki semangat tinggi dalam mempromosikan produk digital IT untuk bergabung sebagai Sales Agent/Mitra/Freelance.  
‎ 
‎Deskripsi Pekerjaan: 
‎- mempromosikan produk/jasa digital IT (ERP, CRM, POS, dan lainnya) kepada klien  Kualifikasi: 
‎- Pria/Wanita, usia bebas 
‎- Memiliki kemampuan komunikasi yang baik 
‎- Target oriented & pekerja keras 
‎- Berpengal",
projects.co.id,Pemasaran & Periklanan,Accounting,Butuh freelancer untuk rekon data,2500000,30,273.0,"Administrative Support, Accounting, Data Analysis",https://projects.co.id/public/browse_projects/view/063a1d/butuh-freelancer-untuk-rekon-data,"Rp 2,000,000 - 3,000,000",,30 hari,Dibutuhkan freelancer yang punya waktu luang 3-4 jam per hari. Tugasnya berhubungan dengan rekon data penjualan. Data penjualan selalu ada tiap hari. Administrative SupportAccountingData Analysis,
projects.co.id,Pemasaran & Periklanan,Accounting,dicari akun linkedin,192000,7,8.0,"Business Analysis, Business Service, Affiliate Marketing, Analysis",https://projects.co.id/public/browse_projects/view/453a1d/dicari-akun-linkedin,"Rp 192,000 - 192,000",,7 hari,Saya sedang mencari akun yang tidak terpakai tapi masih aktif. Punya 30 koneksi atau kurang dari itu juga bisa di tawarkan.  Email aktif. Akunnya tidak kena limit. Minimal pembuatan sudah 1 tahun. Tawarkan ke saya. Rate per-akun 192k Business AnalysisBusiness ServiceAffiliate MarketingAnalysis,
projects.co.id,Pemasaran & Periklanan,Accounting,SOCIAL MEDIA ADMIN & CONTENT CREATOR,600000,7,43.0,"Social Media Marketing (SMM), Content Writer, Social Media",https://projects.co.id/public/browse_projects/view/1e3a1d/social-media-admin-amp-content-creator,"Rp 500,000 - 700,000",,7 hari,"Kami dari eklan.id memerlukan bantuan membuat konten dengan keterangan sebaga berikut   5 sampai 7 materi untuk sosmed kami (tiktok, IG, youtube sort).   Topik sudah di siapkan  Terbuka untuk diskusi   Bikin kami tertarik jangan cuma bilang ""saya bisa"" kak tanpa informasi apa2. Social Media Marketing (SMM)Content WriterSocial Media",
projects.co.id,Pemasaran & Periklanan,Accounting,surveyor survey Jember wanita,200000,7,11.0,"Administrative Support, Data Entry, Data Analysis, Data Mining, Data Integration, Data Science",https://projects.co.id/public/browse_projects/view/2a3a1d/surveyor-survey-jember-wanita,"Rp 100,000 - 300,000",,7 hari,"Membutuhkan surveyor untuk melakukan survei mengenai produk skincare kepada responden wanita di wilayah Jember. Survei dilakukan dengan metode pengisian kuesioner menggunakan Google Form/link survei yang telah disediakan. Target responden adalah wanita dengan kriteria tertentu sesuai kebutuhan survei. 
  Detail Pekerjaan 
  
Lokasi responden: Jember
 
 
Target responden: Wanita
 
 
Jumlah responde",
projects.co.id,Pemasaran & Periklanan,Accounting,DIBELI akun Google developer Console (GODEV) Tahun 2023 kebawah.,10500000,7,2.0,"Accounting, 3D Animation, 3D Architecture, 3D Modelling, 3ds Max, .NET/Mono, 3D Rendering, 3D Render Artlantis, 3D Printing, AAA Logo",https://projects.co.id/public/browse_projects/view/6b381d/dibeli-akun-google-developer-console-godev-tahun-2023-kebawah,"Rp 3,000,000 - 18,000,000",,7 hari,Dicari Akun Google Play Console Developer GODEV Bekas yang sudah tidak terurus berisi app aktif maupun tidak aktif.      Kebutuhan 1xx Account Google Developer  Max tahun November 2023 ( makin tua makin baik )    Berisi app minimal 1 yang live   Jika ada suspend app masih bisa ditawarkan(harga tidak bisa tinggi)  Tidak ada history Transfer APP(Jika ada boleh di tawarkan tetapi harga tidak bisa tin,
projects.co.id,Pemasaran & Periklanan,Accounting,? Saya Membutuhkan Akun Playconsole - Google developer/Godev Tahun 2023 -2023 kebawah?,14000000,7,10.0,"Programming, Mobile Programming, Web Programming, Drupal, Wordpress, Java Native, Android studio, Flutter",https://projects.co.id/public/browse_projects/view/40281d/g-saya-membutuhkan-akun-playconsole-google-developergodev-tahun-2023-2023-kebawahg,"Rp 10,000,000 - 18,000,000",,7 hari,"saya Mencari akun Google Play Console atau Godev , keadaan aktif atau closed krn tidak aktif  umur akun tahun 2023 atau dibawah 2023, akun siap untuk dijual beserta gmail utamanya  penjual wajib mengikuti persyaratan jual beli     Transaksi dilakukan full di Projects.co.id    transaksi selesai 7 hari setelah pergantian email, dan telp pemulihan dan password   yang di jual adalah akun email yang se",
projects.co.id,Pemasaran & Periklanan,Accounting,Pengajaran Membuat Video Konten Menggunakan AI,325000,7,35.0,"Social Media Marketing (SMM), Video Editing, Video Production, Video Animation, Social Media",https://projects.co.id/public/browse_projects/view/ff371d/pengajaran-membuat-video-konten-menggunakan-ai,"Rp 150,000 - 500,000",,7 hari,Pekerjaan     Pengajaran Membuat Video Konten Menggunakan AI  (Boleh By : Ebook/Video/Zoom)   Boleh menggunakan AI Berbayar atau FREE  (Direkomendasikan Free)   Boleh disediakan promptnya agar hasil lebih maksimal dan free konsultasi      Silahkan kirimkan sample video yg telah jadi  (Jika ada hasil karya video FYP = Nilai Plus)      Pekerjaan dinyatakan selesai jika : Saya sudah berhasil diajarka,
projects.co.id,Pemasaran & Periklanan,Accounting,Merapihkan Tugas Akhir (Tesis),175000,5,59.0,"Administrative Support, Writing, Administration, Microsoft Word, Copywriter, Content Writer",https://projects.co.id/public/browse_projects/view/f4391d/merapihkan-tugas-akhir-tesis,"Rp 150,000 - 200,000",,5 hari,"Membuat daftar isi, daftar gambar, daftar tabel dan menyesuaikan paging nya.  Untuk bahan semua sudah ada sampai bab 5. Administrative SupportWritingAdministrationMicrosoft WordCopywriterContent Writer",
projects.co.id,Pemasaran & Periklanan,Accounting,Integrasi IOT mesin laundry,7000000,7,16.0,Arduino,https://projects.co.id/public/browse_projects/view/ee391d/integrasi-iot-mesin-laundry,"Rp 4,000,000 - 10,000,000",,7 hari,Saya ada kebutuhan untuk mengintegrasikan aplikasi yang saya miliki dengan mein laundry. Jadi ketika pengguna sudah melakukan pembayaran maka mesin laundry nya segera menyala. Adakah teman teman yang saat ini sudah berpengalaman untuk mengerjakan hal berikut ? Diutamakan lokasinya jabodetabek Arduino,
projects.co.id,Pemasaran & Periklanan,Accounting,AI Content Creator Influencer UGC Realistik,2750000,30,11.0,"Internet Marketing, Affiliate Marketing, Social Media Marketing (SMM), Video Editing, Video Animation, Artificial Intelligence, Social Media",https://projects.co.id/public/browse_projects/view/d3391d/ai-content-creator-influencer-ugc-realistik,"Rp 2,500,000 - 3,000,000",,30 hari,"Halo,  Saya sedang mencari Freelancer yang menguasai dalam pembuatan video AI Content Creator Influencer dengan style UGC dan realistik untuk kebutuhan konten.   Kriteria:     Memiliki portofolio sejenis atau mengirimkan sample video  Bebas menggunakan tools apapun, jika tools berbayar akan menjadi tanggungan kami  Video yang di hasilkan 30-60 detik tergantung ide tiap konten  Mampu melakukan rese",
projects.co.id,Pemasaran & Periklanan,Accounting,WTB/Dibeli akun adsense 2015 - 2021 minimal PO 20x support CSE/penelusuran sepaket dengan blog,35000000,120,5.0,Google Adsense,https://projects.co.id/public/browse_projects/view/a3311d/wtbdibeli-akun-adsense-2015-2021-minimal-po-20x-support-csepenelusuran-sepaket-dengan-blog,"Rp 15,000,000 - 55,000,000",,120 hari,"WTB/Dibeli  akun adsense 2015 - 2021 dengan dashboard IDR/Rupiah  minimal PO 20x support CSE/penelusuran sepaket blog, tidak kena paid + proxy.     Wajib muncul sponsored, budget 15jt-55jt, budget bisa     melar jika web bagus.  Atau kalau ada blog bertraffik 200-300 uv/day boleh tawarkan.     PM detail & harganya. Terimakasih! Google Adsense",
projects.co.id,Pemasaran & Periklanan,Accounting,Accounting (bookeeping) and Tax Consultant,1750000,14,50.0,Accounting,https://projects.co.id/public/browse_projects/view/d9391d/accounting-bookeeping-and-tax-consultant,"Rp 1,500,000 - 2,000,000",,14 hari,"We are an Indonesian based small company. We are looking for freelancers to help us set up accounting and tax. Non PKP and not many transaction. new company.    •⁠ ⁠⁠⁠⁠employee tax calculation (only 4)
•⁠ ⁠⁠Bookeeping (our bank is BSI)
•⁠ ⁠⁠Build monthly financial statements, (GL,Trial Balance, Balance Sheet)
•⁠ ⁠⁠Company tax calculation and payment to make sure meet indonesian government regulati",
projects.co.id,Pemasaran & Periklanan,Accounting,Online Admin,650000,21,128.0,"Administrative Support, Administration",https://projects.co.id/public/browse_projects/view/cd391d/online-admin,"Rp 500,000 - 800,000",,21 hari,"E-Commerce Admin (Shopee, Tokopedia & Shopify) – 20 Hari  Halo Workers,  Bali Nutra membuka project freelance untuk membantu meningkatkan customer review, repeat order, dan customer engagement pada marketplace dan website kami.  Project dilakukan secara remote dan cocok bagi freelancer yang sudah terbiasa mengelola marketplace seperti Shopee dan Tokopedia.  Tugas Utama   Follow up customer melalui",
projects.co.id,Pemasaran & Periklanan,Accounting,� DIbeli  Akun Playconsole - Google developer/Godev Tahun 2023 -2023 kebawah�,11500000,7,6.0,"Mobile Programming, JavaScript, PHP, Django Framework, Laravel Framework, AngularJS, Android studio, Flutter",https://projects.co.id/public/browse_projects/view/84291d/a-dibeli-akun-playconsole-google-developergodev-tahun-2023-2023-kebawaha,"Rp 8,000,000 - 15,000,000",,7 hari,"Rekan-rekan developer.  saya mencari akun Google Play Console atau Godev , keadaan aktif atau closed krn tidak aktif  umur akun tahun 2023 atau dibawah 2023 sduah pernah publish apss diplaystore, akun siap untuk dijual beserta gmail utamanya  penjual wajib mengikuti persyaratan jual beli     Transaksi dilakukan full di Projects.co.id    transaksi selesai 7 hari setelah pergantian email, dan telp p",
projects.co.id,Pemasaran & Periklanan,Accounting,� Saya Membutuhkan Akun Playconsole - Google developer/Godev Tahun 2023 -2023 kebawah�,14000000,7,10.0,"Programming, Mobile Programming, Web Programming, Drupal, Wordpress, Java Native, Android studio, Flutter",https://projects.co.id/public/browse_projects/view/40281d/a-saya-membutuhkan-akun-playconsole-google-developergodev-tahun-2023-2023-kebawaha,"Rp 10,000,000 - 18,000,000",,7 hari,"saya Mencari akun Google Play Console atau Godev , keadaan aktif atau closed krn tidak aktif  umur akun tahun 2023 atau dibawah 2023, akun siap untuk dijual beserta gmail utamanya  penjual wajib mengikuti persyaratan jual beli     Transaksi dilakukan full di Projects.co.id    transaksi selesai 7 hari setelah pergantian email, dan telp pemulihan dan password   yang di jual adalah akun email yang se",
projects.co.id,Visual & Audio,Audio Video Photo,Dibutuhkan yang berpengalaman membuat Prompt untuk Gambar dan Video,1250000,7,29.0,"Video Production, Writing, Machine Learning, Artificial Intelligence",https://projects.co.id/public/browse_projects/view/94391d/dibutuhkan-yang-berpengalaman-membuat-prompt-untuk-gambar-dan-video,"Rp 1,000,000 - 1,500,000",,7 hari,"Dibutuhkan yang berpengalaman membuat Prompt untuk Video Singkat dan Gambar, dan juga bisa menganalisa Prompt dari sebuah Gambar atau Video Singkat.  Lampirkan contoh Gambar atau Video Singkat yang dibuat dengan Promptnya, atau sebaliknya Prompt dari sebuah Gambar atau Video Singkat.  membuat dan menganalisa prompt 120 gambar dan video singkat per-minggu. Video ProductionWritingMachine LearningArt",
projects.co.id,Visual & Audio,Audio Video Photo,(Jakarta-only) Jasa Pembuatan 4 Video Konten Instagram Islami � As-S?biq?n x Mukminun.id,3000000,180,26.0,"Affiliate Marketing, Social Media Marketing (SMM), Sales and Marketing, Marketing Strategy, Video Editing, Video Production, Content Management System (CMS), Content Writer, Video Animation, Social Media",https://projects.co.id/public/browse_projects/view/d1381d/jakarta-only-jasa-pembuatan-4-video-konten-instagram-islami-as-sgbiqgn-x-mukminunid,"Rp 1,000,000 - 5,000,000",,180 hari,"Kami membutuhkan freelancer untuk membantu pembuatan konten video pendek Instagram bertema Islami untuk brand As-Sābiqūn x   Mukminun.id  .    Konten akan digunakan untuk media sosial Instagram.         🎯 PEKERJAAN YANG DIBUTUHKAN    Freelancer diminta membuat:   
  16 video pendek (Reels)  
  Durasi sekitar 30–60 detik  
  Format vertikal (9:16)  
  Siap upload ke Instagram  
   Tema konten:   
 ",
projects.co.id,Visual & Audio,Audio Video Photo,Butuh Video Reels/Ads Meta untuk Jasa Legalitas & Pajak (Durasi 15�30 Detik),225000,7,23.0,"Video Editing, Video Production, Adobe After Effects, Adobe Premiere",https://projects.co.id/public/browse_projects/view/89381d/butuh-video-reelsads-meta-untuk-jasa-legalitas-amp-pajak-durasi-1530-detik,"Rp 150,000 - 300,000",,7 hari,Saya sedang mencari freelancer untuk membuat video pendek (Reels / Facebook Ads) dari materi gambar yang sudah tersedia.  📌 Detail Project:    Durasi video: 15–30 detik      Format: Vertical (9:16)    Tujuan: Iklan Meta Ads (Facebook & Instagram)    Target market: UMKM & pengusaha di Kalimantan    🎯 Konsep Video:    Opening hook (menarik perhatian)    Highlight masalah: ribet urus legalitas & paja,
projects.co.id,Visual & Audio,Audio Video Photo,Pembuatan Video Reels / Tiktok + Talent,750000,15,46.0,"Video Editing, Video Production, Social Media",https://projects.co.id/public/browse_projects/view/a0361d/pembuatan-video-reels-tiktok-talent,"Rp 750,000 - 750,000",,15 hari,"Halo workers, saya butuh video konten untuk sosmed usaha. Diutamakan worker yg biasa membuat video konten & pernah viral.  Share portfolionya ya..  Kriteria Video :  - Durasi 1 Menitan  - Ide & Materi dari kami, sesuai dengan yg lagi trend  - Total butuh 15 Video  Silahkan bid ya Video EditingVideo ProductionSocial Media",
projects.co.id,Visual & Audio,Audio Video Photo,Freelance Video Editor di Bali,80000,7,35.0,"Video Editing, Video Production, Video Animation",https://projects.co.id/public/browse_projects/view/17351d/freelance-video-editor-di-bali,"Rp 50,000 - 110,000",,7 hari,"Kami sedang mencari freelance video editor yang kreatif dan inovatif untuk membuat konten media sosial (Instagram Reels & TikTok) . Fokus konten adalah seputar edukasi teknologi, coding, dan tips gadget yang dikemas secara seru dan menarik.   Spesifikasi & Deskripsi Pekerjaan:     Mengedit video pendek dengan durasi 60-90 detik.    Menambahkan subtitle/captions yang dinamis, sound effect, dan tran",
projects.co.id,Visual & Audio,Audio Video Photo,Dicari Video Creator � Video Promosi Layanan Hosting (9:16),145000,7,23.0,Video Production,https://projects.co.id/public/browse_projects/view/2b361d/dicari-video-creator-video-promosi-layanan-hosting-916,"Rp 140,000 - 150,000",,7 hari,"Saya mencari  video creator  untuk membuat video promosi yang menyasar UMKM dan pemula yang ingin punya website tapi masih ragu karena takut biayanya mahal. Video harus terasa relatable, ringan, dan persuasif.   Poin yang WAJIB disampaikan dalam video:     ""Bikin website itu nggak harus mahal!""    Modal mulai   Rp100 ribuan   sudah bisa dapat hosting 1 tahun di Gapurahoster.co.id    Cocok untuk: t",
projects.co.id,Visual & Audio,Audio Video Photo,"Dicari Video Creator � Video Promosi Reseller Hosting (9:16, 60 Detik+)",145000,7,7.0,Video Production,https://projects.co.id/public/browse_projects/view/25361d/dicari-video-creator-video-promosi-reseller-hosting-916-60-detik,"Rp 140,000 - 150,000",,7 hari,Halo! Saya sedang mencari  video creator  yang bisa membuat video promosi untuk layanan  Reseller Hosting  di Gapurahoster.co.id.   Poin yang WAJIB disampaikan dalam video:     Apa itu reseller hosting dan peluang bisnisnya    Keunggulan program reseller Gapurahoster:    ✅ Gratis billing sistem — tidak perlu bayar WHMCS atau billing tambahan    ✅ Gratis akun reseller domain — bisa jual domain ke p,
projects.co.id,Visual & Audio,Audio Video Photo,"Freelance Content Editor (IG, TikTok, YouTube Shorts) � Travel Project Yolo52",6500000,30,67.0,"Animation, Multimedia, Video Editing, Content Writer, Social Media",https://projects.co.id/public/browse_projects/view/c5351d/freelance-content-editor-ig-tiktok-youtube-shorts-travel-project-yolo52,"Rp 5,000,000 - 8,000,000",,30 hari,"Deskripsi Project  Kami sedang mencari  Content Editor / Video Editor kreatif  untuk membantu mengolah konten perjalanan (travel project Yolo52) menjadi konten yang menarik, seru, dan tidak membosankan untuk platform:   Instagram Reels  TikTok  YouTube Shorts   Project ini berfokus pada storytelling perjalanan (road trip) selama 30 hari, dengan tujuan menghasilkan konten yang engaging dan berpoten",
projects.co.id,Visual & Audio,Audio Video Photo,Membuat 4 video short untuk YouTube bertema Ronaldo & Messi,225000,3,86.0,"Video Editing, Video Production, Video Animation",https://projects.co.id/public/browse_projects/view/a4331d/membuat-4-video-short-untuk-youtube-bertema-ronaldo-amp-messi,"Rp 200,000 - 250,000",,3 hari,"Halo rekan2,  Saya membutuhkan seseorang yang bisa membuat 4 video short untuk diupload di youtube dengan tema messi, ronaldo, dan/atau persaingan mereka di dunia sepakbola.  Konsep, ediitng style, dll bisa mengikuti beberapa referensi di bawah ini:    1. https://youtube.com/shorts/xTy54ajzsx4?si=Y09uLclIvVC-Fijw  2. https://youtube.com/shorts/aARqm0swLNA?si=vhtvQRQCne47xWj2  3. https://youtube.co",
projects.co.id,Visual & Audio,Audio Video Photo,"Editing, Mixing, Mastering Music",400000,8,19.0,"Multimedia, Audio Editing, Audio Production, Audio Recorder",https://projects.co.id/public/browse_projects/view/ef331d/editing-mixing-mastering-music,"Rp 300,000 - 500,000",,8 hari,"Melakukan editing track mentah hasil rekaman vocal dan instrumen untuk diperbaiki sepeerti tempo, saturation, dan pitch vocal. melakukan mixing Seluruh track sejumlah kurang lebih 25 track, Melakukan mastering untuk menjadikan audio layak publish MultimediaAudio EditingAudio ProductionAudio Recorder",
projects.co.id,Visual & Audio,Audio Video Photo,"Content Creator (Female, Non-Hijab) + Affiliate & KOL Manager � Skincare Body Lotion",3250000,35,20.0,"Audio Production, Photography, Video Editing, Video Production, Remote Desktop Assistency, Networking, Reviews, Instagram, Content Writer, Social Media",https://projects.co.id/public/browse_projects/view/b4321d/content-creator-female-non-hijab-affiliate-amp-kol-manager-skincare-body-lotion,"Rp 2,000,000 - 4,500,000",,35 hari,"Kami adalah brand skincare body lotion ber-BPOM yang sedang berkembang dan ingin scale up di TikTok & Instagram 🚀  
  Saat ini kami mencari Content Creator wanita (non-hijab) yang tidak hanya bisa membuat konten, tetapi juga membantu mengelola affiliate & KOL untuk meningkatkan penjualan serta awareness brand.  Scope Pekerjaan:   1. Content Creation (2 hari sekali)   

   
Sistem kerja: 
👉  1 hari",
projects.co.id,Visual & Audio,Audio Video Photo,Konten kreator untuk di meta ato facebook,475000,10,32.0,Adobe PhotoShop,https://projects.co.id/public/browse_projects/view/5d321d/konten-kreator-untuk-di-meta-ato-facebook,"Rp 250,000 - 700,000",,10 hari,"Saya lagi cari yang bisa buat konten kreator untuk di facebook ato meta untuk menghasilkan sales ato penjualan sehingga dibuat semenarik mungkin, untuk jasa dan produk, ini bisa berulang dan langganan kalo ada yang sudah ahli buat dan terbukti menghasilkan trafik atau penjualan Adobe PhotoShop",
projects.co.id,Visual & Audio,Audio Video Photo,(Jakarta-only) Jasa Pembuatan 4 Video Konten Instagram Islami – As-Sābiqūn x Mukminun.id,3000000,180,26.0,"Affiliate Marketing, Social Media Marketing (SMM), Sales and Marketing, Marketing Strategy, Video Editing, Video Production, Content Management System (CMS), Content Writer, Video Animation, Social Media",https://projects.co.id/public/browse_projects/view/d1381d/jakarta-only-jasa-pembuatan-4-video-konten-instagram-islami-as-sbiqn-x-mukminunid,"Rp 1,000,000 - 5,000,000",,180 hari,"Kami membutuhkan freelancer untuk membantu pembuatan konten video pendek Instagram bertema Islami untuk brand As-Sābiqūn x   Mukminun.id  .    Konten akan digunakan untuk media sosial Instagram.         🎯 PEKERJAAN YANG DIBUTUHKAN    Freelancer diminta membuat:   
  16 video pendek (Reels)  
  Durasi sekitar 30–60 detik  
  Format vertikal (9:16)  
  Siap upload ke Instagram  
   Tema konten:   
 ",
projects.co.id,Lainnya,Others,"Jasa DevOps - Server Setup, Deployment & CI/CD Pipeline untuk Aplikasi Laravel + Vue.js",2250000,7,24.0,"Linux, Windows Server, Google Cloud Developer, Dev Manager",https://projects.co.id/public/browse_projects/view/e7371d/jasa-devops-server-setup-deployment-amp-cicd-pipeline-untuk-aplikasi-laravel-vuejs,"Rp 2,000,000 - 2,500,000",,7 hari,"Dibutuhkan DevOps Engineer untuk setup server production dan automated deployment.     Scope Pekerjaan:     1. Server Setup & Configuration     - VPS installation & hardening (Ubuntu 24.04)     - Stack installation: Nginx, PHP 8.3, Node.js 20, MySQL 8.0, Redis     - SSL/TLS certificate (Let's Encrypt)     - Firewall configuration (UFW)     - SSH hardening (key-based auth, disable root)     - Fail2",
projects.co.id,Lainnya,Others,Network Engineer untuk Setup server Onsite di Jakarta,1125000,7,12.0,"Linux, Linux Programming, Networking, Linux Administration, Network Security",https://projects.co.id/public/browse_projects/view/7f361d/network-engineer-untuk-setup-server-onsite-di-jakarta,"Rp 750,000 - 1,500,000",,7 hari,"Diperlukan network engineer untuk setup aplikasi berbasis PHP di daerah kuningan secara onsite, prefer full time freelance untuk join. Prefer yang berpengalaman untuk setup infrastruktur DC, DRC, HA berbasis linux CentOS atau alma linux. LinuxLinux ProgrammingNetworkingLinux AdministrationNetwork Security",
projects.co.id,Past Project,All,Membuat Recording untuk Proses Pendaftaran di Suatu Website,125000,31,,"Data Entry, Video Production",https://projects.co.id/public/past_projects/view/153a1d/membuat-recording-untuk-proses-pendaftaran-di-suatu-website,"Rp 125,000 - 125,000","Rp 125,000",31 hari,Halo rekan-rekan freelancer projects.co.id!    Saya membutuhkan jasa untuk melakukan registrasi dan menyelesaikan  1 (satu) buah tes kualifikasi  di suatu perusahaan luar negeri. Pendaftaran wajib dilakukan melalui link undangan yang akan saya berikan kepada  worker  terpilih.      1. To do   Terdiri dari 1x pembuatan akun baru dan 1x pengerjaan  assessment test  secara  online . Proses tersebut h,past
projects.co.id,Past Project,All,Merapihkan Tugas Akhir (Tesis),150000,5,,"Administrative Support, Writing, Administration, Microsoft Word, Copywriter, Content Writer, Running",https://projects.co.id/public/past_projects/view/f7391d/merapihkan-tugas-akhir-tesis,"Rp 150,000 - 200,000","Rp 150,000",5 hari,"Membuat daftar isi, daftar gambar, daftar tabel dan menyesuaikan paging nya.  Untuk bahan semua sudah ada sampai bab 5. Administrative SupportWritingAdministrationMicrosoft WordCopywriterContent Writer",past
projects.co.id,Past Project,All,Pembuatan Revisi Proposal,400000,7,,"Writing, Wordpress, Microsoft Word, Content Writer",https://projects.co.id/public/past_projects/view/fa391d/pembuatan-revisi-proposal,"Rp 350,000 - 400,000","Rp 400,000",7 hari,"Hallo,  Saya butuh jasa untuk revisi proposal penelitian seminar proposal teman saya. Saya butuh worker yang fast respon, fast work, telaten, dan yang paling penting tidak menggunakan AI!!! Deadline di hari senin pagi pukul 08.00 WritingWordpressMicrosoft WordContent Writer",past
projects.co.id,Past Project,All,"[WP] Develop Web Komunitas, Events & Membership",800000,7,,"Wordpress, Website Building, Website Templates, Wordpress Templates, CSS, Running",https://projects.co.id/public/past_projects/view/b2391d/wp-develop-web-komunitas-events-amp-membership,"Rp 800,000 - 1,500,000","Rp 800,000",7 hari,"Kami perlu dibantu slicing dari desain di figma, didevelop ke wp.  Base WP sudah disiapkan. Tinggal didevelop & setup plugin-plugin yg dibutuhkan. Juga disetup untuk interaction & transisinya agar sesuai desain.  Page statis ada beberapa, lebih banyak pekerjaan di setup & styling page-page untuk event & member. Sudah diinstal plugin Elementor, The Events Calendar free & Ultimate Member free. Tema ",past
projects.co.id,Past Project,All,Tambahkan halaman produk Indonesia untuk situs web Shopify,800000,7,,"Website, Web Design, Website Building, Reported Done",https://projects.co.id/public/past_projects/view/af391d/tambahkan-halaman-produk-indonesia-untuk-situs-web-shopify,"Rp 500,000 - 800,000","Rp 800,000",7 hari,"Tambahkan halaman produk Indonesia untuk situs web Shopify Anda, termasuk penargetan ulang Harga dalam Rupiah. WebsiteWeb DesignWebsite Building",past
projects.co.id,Past Project,All,Service Order from feriawanjimmy: Jasa Publish / Upload Aplikasi (.ipa) Ke Appstore,449000,14,,"Mobile Programming, iPhone/iOS, Swift, App Inventor, App Geyser, Appy Pie, Running",https://projects.co.id/public/past_projects/view/ac391d/service-order-from-feriawanjimmy-jasa-publish-upload-aplikasi-ipa-ke-appstore,"Rp 449,000","Rp 449,000",14 hari,[ This is a private project. Only invited users can see the description. ] [ Ini adalah private project. Hanya user terundang yang bisa melihat deskripsi. ] Mobile ProgrammingiPhone/iOSSwiftApp InventorApp GeyserAppy Pie,past
projects.co.id,Past Project,All,Butuh desain company profile,500000,7,,"Graphic Design, Web Design, Running",https://projects.co.id/public/past_projects/view/76391d/butuh-desain-company-profile,"Rp 200,000 - 500,000","Rp 500,000",7 hari,"Halo saya perlu design grafis untuk mendesain company profile yang elegan, modern untuk perusahaan tech,  mohon bid dengan melampirkan project serupa. terimakasih Graphic DesignWeb Design",past
projects.co.id,Past Project,All,Service Order from itsme_theo:  Jasa Joki Pengisian Kuesioner / Survey Online,50000,1,,"Data Entry, Form Processing, Market Research, Writing, Microsoft Word, Microsoft Excel, Data Mining, Quesioner",https://projects.co.id/public/past_projects/view/88391d/service-order-from-itsmetheo-jasa-joki-pengisian-kuesioner-survey-online,"Rp 50,000","Rp 50,000",1 hari,[ This is a private project. Only invited users can see the description. ] [ Ini adalah private project. Hanya user terundang yang bisa melihat deskripsi. ] Data EntryForm ProcessingMarket ResearchWritingMicrosoft WordMicrosoft ExcelData MiningQuesioner,past
projects.co.id,Past Project,All,"Optimasi on-page SEO (keyword, meta tag, heading, internal link)",1000000,30,,"Search Engine Optimization (SEO), Running",https://projects.co.id/public/past_projects/view/64391d/optimasi-on-page-seo-keyword-meta-tag-heading-internal-link,"Rp 1,000,000 - 1,000,000","Rp 1,000,000",30 hari,"Melakukan   SEO audit   pada website      Optimasi  on-page SEO  (keyword, meta tag, heading, internal link)  Riset dan implementasi  keyword strategy   Memberikan rekomendasi  technical SEO     Meningkatkan  ranking keyword  dan traffic organik Search Engine Optimization (SEO)",past
projects.co.id,Past Project,All,Data Visualization,850000,7,,"Data Analysis, Microsoft Power BI, Data Science",https://projects.co.id/public/past_projects/view/55391d/data-visualization,"Rp 500,000 - 1,000,000","Rp 850,000",7 hari,"Halo,  Saya butuh yang bisa data visualization pake Google Sheets Dashboard.  Pengerjaan 1 minggu, lebih cepat lebih baik.  Berikut contoh data visulisation yang diinginkan.  https://i.gyazo.com/986a69be408c1176747e0d44f4a88187.png  Terima kaish Data AnalysisMicrosoft Power BIData Science",past
projects.co.id,Past Project,All,Pembuatan Simple Website,1500000,7,,"Web Research, Web Programming, Website, Web Design, Website Building, Website Templates, Laravel Framework, Web Scrapping, Running",https://projects.co.id/public/past_projects/view/49391d/pembuatan-simple-website,"Rp 300,000 - 1,000,000","Rp 1,500,000",7 hari,Pekerjaan      Pembuatan Simple Website (Script sudah di sediakan bukan coding atau mulai dari 0)  Integrasi : Payment Gateway + Notifikasi Email & Whatsapp       Catatan     Contoh tampilan script template html sudah ada tinggal di slicing ke laravel & php versi terbaru + integrasi sistem         Wajib      Website aman dan optimal : Tidak ada error / bug  Support (Bertanggung jawab)       Silahk,past
projects.co.id,Past Project,All,Cari Data Bank Indo & China,400000,7,,"Data Entry, Database Programming, Data Analysis, Data Mining, Data Integration, Data Science, Running",https://projects.co.id/public/past_projects/view/2b391d/cari-data-bank-indo-amp-china,"Rp 400,000 - 500,000","Rp 400,000",7 hari,"Mencari data terdiri dari variables: ROA, CAR, NPL, LDR, Bank Size, Cost to Income Ratio (CIR), GDP growth, Interest Rate, Inflation Rate dari 2015-2025, dari bank dibawah ini:
Bank Indo:
-	BCA
-	BNI
-	BRI
-	BSI
-	BTN
-	CIMB Niaga
-	Danamon
-	Mandiri
-	OCBC indonesia
-	Permata

Bank Cina:
-	Agricultural Bank of China
-	Bank of China
-	Bank of Communications
-	China CITIC Bank
-	China Merchants Ban",past
projects.co.id,Past Project,All,Beli akun linkedin,200000,7,,"Data Mining, Reported Done",https://projects.co.id/public/past_projects/view/19391d/beli-akun-linkedin,"Rp 125,000 - 200,000","Rp 200,000",7 hari,[ This is a private project. Only invited users can see the description. ] [ Ini adalah private project. Hanya user terundang yang bisa melihat deskripsi. ] Data Mining,past
projects.co.id,Past Project,All,Service Order from adam94: Pembuatan 40 Backlink Profile High DA Secara Manual,50000,7,,"Search Engine Optimization (SEO), Running",https://projects.co.id/public/past_projects/view/16391d/service-order-from-adam94-pembuatan-40-backlink-profile-high-da-secara-manual,"Rp 50,000","Rp 50,000",7 hari,[ This is a private project. Only invited users can see the description. ] [ Ini adalah private project. Hanya user terundang yang bisa melihat deskripsi. ] Search Engine Optimization (SEO),past
projects.co.id,Past Project,All,Service Order from adam94: JASA PAKET SEO 1 BULAN - HIGH AUTHORITY LINK BUILDING,1900000,30,,"Internet Marketing, Search Engine Optimization (SEO), Social Media Marketing (SMM), Sales and Marketing, Marketing Strategy, Running",https://projects.co.id/public/past_projects/view/13391d/service-order-from-adam94-jasa-paket-seo-1-bulan-high-authority-link-building,"Rp 1,900,000","Rp 1,900,000",30 hari,[ This is a private project. Only invited users can see the description. ] [ Ini adalah private project. Hanya user terundang yang bisa melihat deskripsi. ] Internet MarketingSearch Engine Optimization (SEO)Social Media Marketing (SMM)Sales and MarketingMarketing Strategy,past
projects.co.id,Past Project,All,dicari akun linkedin,192000,7,,"Data Entry, Business Consultation, Market Research, Marketing Strategy, Analysis, Running",https://projects.co.id/public/past_projects/view/f2381d/dicari-akun-linkedin,"Rp 192,000 - 195,000","Rp 192,000",7 hari,Saya sedang mencari akun yang tidak terpakai tapi masih aktif. Punya 30 koneksi atau kurang dari itu juga bisa di tawarkan.  Email aktif. Akunnya tidak kena limit. Minimal pembuatan sudah 1 tahun. Tawarkan ke saya. Rate per-akun 192k Data EntryBusiness ConsultationMarket ResearchMarketing StrategyAnalysis,past
projects.co.id,Past Project,All,Sticker untuk petshop,100000,3,,"Graphic Design, Adobe Illustrator, Accepted by Owner",https://projects.co.id/public/past_projects/view/dd381d/sticker-untuk-petshop,"Rp 100,000 - 200,000","Rp 100,000",3 hari,"Tolong bikin design sticker untuk interior petshop seperti terlampir. Kirim portfolio design2 yang pernah dikerjakan. Kalau cocok, akan banyak repeat project sejenis. Graphic DesignAdobe Illustrator",past
projects.co.id,Past Project,All,Beli Akun Linkedin 2024,190000,7,,"Data Entry, Data Mining, Reported Done",https://projects.co.id/public/past_projects/view/b6381d/beli-akun-linkedin-2024,"Rp 150,000 - 200,000","Rp 190,000",7 hari,"Jika akun kalian sesuai kriteria silahkan bid :   Lepas email,   Koneksi minimal 25 tidak ada penambahan koneksi selama 10 hari terakhir,   koneksi real bukan hasil gb dari grup  buatan tahun 2024 atau lebih tua,   dibeli, bukan sewa Data EntryData Mining",past
projects.co.id,Past Project,All,"Dibutuhkan Jasa Pindah & Optimasi Website dr file2 sampah, Update & Fix eror, berbasis wordpress",700000,7,,"Website, Wordpress, Website Building, Website Templates, Wordpress Templates, Running",https://projects.co.id/public/past_projects/view/9b381d/dibutuhkan-jasa-pindah-amp-optimasi-website-dr-file2-sampah-update-amp-fix-eror-berbasis-wordpress,"Rp 500,000 - 1,000,000","Rp 700,000",7 hari,Diperioritaskan daerah Tangerang & Sekitaran untuk Meeting Tatap Muka  Pembayaran VIA Projects.co.id  Dibutuhkan Jasa Pindah & Optimasi Website  (Update web & Fix beberapa eror) website berbasis Wordpress. WebsiteWordpressWebsite BuildingWebsite TemplatesWordpress Templates,past
projects.co.id,Past Project,All,Dicari Virtual Assistant,600000,30,,"Personal Assistant, Administration, Running",https://projects.co.id/public/past_projects/view/74381d/dicari-virtual-assistant,"Rp 500,000 - 1,000,000","Rp 600,000",30 hari,Saya butuh virtual assistant nanti dibayar per project (1 month). Tidak menutup kemungkinan bisa diperpanjang terus kedepannya.  detail pekerjaan nya untuk mencari vendor yang saya butuhkan. Saya ada list 40-50 SKU yang saya butuhkan. Saya minta bantuan untuk cari supplier nya dimana aja coba dicari 5-7 vendor lalu coba kontak ke semua vendor nya dan tanya harga & persyaratan masing2 vendor lalu n,past
projects.co.id,Past Project,All,Service Order from matanerama: Jasa Publish / Upload Aplikasi (.ipa) Ke Appstore,299000,14,,"Mobile Programming, iPhone/iOS, Swift, App Inventor, App Geyser, Appy Pie, Running",https://projects.co.id/public/past_projects/view/4a381d/service-order-from-matanerama-jasa-publish-upload-aplikasi-ipa-ke-appstore,"Rp 299,000","Rp 299,000",14 hari,[ This is a private project. Only invited users can see the description. ] [ Ini adalah private project. Hanya user terundang yang bisa melihat deskripsi. ] Mobile ProgrammingiPhone/iOSSwiftApp InventorApp GeyserAppy Pie,past
projects.co.id,Past Project,All,Pembuatan Konten Iklan,500000,3,,"Video Production, Content Writer, Accepted by Owner",https://projects.co.id/public/past_projects/view/de371d/pembuatan-konten-iklan,"Rp 375,000 - 500,000","Rp 500,000",3 hari,Saya mencari jasa talent untuk membuat video konten yang akan digunakan untuk beriklan.     Bukan hasil AI. video rekam sendiri. ada talent di dalam video (karena akan lebih intouch personal ke calon buyer). lebih baik ada video anaknya juga. tidak juga tidak masalah. Konten JualanEbook tentang anak yang kalau mau makan harus nonton youtube. jadi talent memberi solusi menghadapi abak yang mau maka,past
projects.co.id,Past Project,All,Penulis Konten Medis (Spesialis SEO & AI),1000000,20,,"Search Engine Optimization (SEO), Blog, Wordpress, Running",https://projects.co.id/public/past_projects/view/5e361d/penulis-konten-medis-spesialis-seo-amp-ai,"Rp 500,000 - 1,000,000","Rp 1,000,000",20 hari,"Kami mencari seorang  Content Writer  yang berpengalaman untuk mengelola dan memproduksi konten berkualitas tinggi di bidang medis.   Posisi ini berbasis proyek awal dengan potensi besar untuk menjadi karyawan tetap (long-term) bagi kandidat yang menunjukkan kinerja luar biasa.   Deskripsi Pekerjaan:     Memproduksi konten medis yang akurat, rapi, dan mendalam untuk situs medis yang pakai platform",past
projects.co.id,Past Project,All,privat job mas hanif,500000,7,,"Arduino, Reported Done",https://projects.co.id/public/past_projects/view/05381d/privat-job-mas-hanif,"Rp 450,000 - 500,000","Rp 500,000",7 hari,"SOURCE CODE ESP 8266
TAMPIL P10            Setting wifi       Ssid = timer_p10      Password = 123456789            Ssid dan password bisa
di ubah , simpan ke spiffs      1x 6 panel        Panel 1-2           Tampilkan jam Dari rtc
ds3231       Tampilkan tanggal Dari
rtc ds3231        Panel 3-4            data dari serial A      data dari serial B      format data dari
serial @12!34      12 adalah",past
projects.co.id,Past Project,All,Pembuatan Website Gudang dengan Realtime Tracking & Barcode Integration,12000000,30,,"Laravel Framework, NodeJS",https://projects.co.id/public/past_projects/view/e4371d/pembuatan-website-gudang-dengan-realtime-tracking-amp-barcode-integration,"Rp 8,000,000 - 12,000,000","Rp 12,000,000",30 hari,"Dibutuhkan developer untuk website manajemen gudang dengan tracking real-time.     Fitur Utama:  - Dashboard real-time (stock, pergerakan barang)  - Master data barang & supplier  - Barang masuk/keluar dengan tracking  - Barcode/QR code integration  - Laporan stock & pergerakan  - User management (role-based)  - Multi-warehouse (jika perlu)     Tech Stack:  - Laravel/Node.js (backend)  - Vue.js/Re",past
